"Fecha","Cierre","Apertura","Máximo","Mínimo","Vol.","% var."
"31.12.2020","55.50","55.47","56.10","55.11","2.66M","0.05%"
"30.12.2020","55.47","54.38","55.64","54.38","3.79M","2.10%"
"29.12.2020","54.33","54.61","54.82","53.85","2.22M","0.07%"
"28.12.2020","54.29","55.26","55.77","54.19","3.67M","-0.91%"
"24.12.2020","54.79","54.92","54.97","54.33","1.07M","0.07%"
"23.12.2020","54.75","55.24","55.76","54.75","2.25M","0.15%"
"22.12.2020","54.67","55.08","55.24","54.45","2.27M","-0.74%"
"21.12.2020","55.08","54.00","55.19","53.79","4.46M","-1.04%"
"18.12.2020","55.66","55.11","55.75","54.24","11.54M","3.40%"
"17.12.2020","53.83","54.24","54.28","53.60","2.22M","0.00%"
"16.12.2020","53.83","54.00","54.10","53.25","1.95M","-0.55%"
"15.12.2020","54.13","53.82","54.14","53.19","2.34M","2.02%"
"14.12.2020","53.06","54.66","54.75","53.05","3.12M","-1.74%"
"11.12.2020","54.00","54.29","54.45","53.57","2.67M","-0.79%"
"10.12.2020","54.43","54.31","55.09","54.04","3.40M","-0.42%"
"09.12.2020","54.66","55.04","55.73","54.35","3.22M","0.20%"
"08.12.2020","54.55","52.90","54.64","52.90","3.16M","2.52%"
"07.12.2020","53.21","54.70","54.80","53.03","3.60M","-3.34%"
"04.12.2020","55.05","53.81","55.10","53.80","3.29M","2.71%"
"03.12.2020","53.60","53.06","53.87","52.82","3.21M","0.75%"
"02.12.2020","53.20","53.14","53.56","52.70","3.72M","-0.62%"
"01.12.2020","53.53","54.43","54.43","52.90","4.31M","0.98%"
"30.11.2020","53.01","54.85","54.85","52.81","8.76M","-4.31%"
"27.11.2020","55.40","55.91","56.05","55.01","2.85M","-1.83%"
"25.11.2020","56.43","57.45","57.45","56.17","4.16M","-2.25%"
"24.11.2020","57.73","56.94","58.18","56.66","4.44M","3.20%"
"23.11.2020","55.94","55.37","56.29","55.34","4.56M","2.21%"
"20.11.2020","54.73","55.07","55.42","54.28","2.87M","-1.10%"
"19.11.2020","55.34","55.30","55.48","53.94","3.51M","0.07%"
"18.11.2020","55.30","54.65","56.28","54.53","5.90M","1.51%"
"17.11.2020","54.48","53.16","54.56","52.86","4.79M","1.02%"
"16.11.2020","53.93","53.39","53.93","52.15","4.08M","3.77%"
"14.11.2020","51.97","51.97","51.97","51.97","-","0.00%"
"13.11.2020","51.97","50.63","52.12","50.57","3.48M","1.82%"
"12.11.2020","51.04","51.73","52.05","50.56","3.47M","-2.24%"
"11.11.2020","52.21","53.25","53.25","52.02","4.12M","-2.34%"
"10.11.2020","53.46","52.30","53.70","52.18","6.15M","2.57%"
"09.11.2020","52.12","51.94","54.16","51.54","9.21M","8.07%"
"06.11.2020","48.23","49.23","49.82","48.03","3.06M","-1.51%"
"05.11.2020","48.97","46.97","49.44","46.95","4.25M","5.43%"
"04.11.2020","46.45","47.93","48.32","46.26","4.54M","-4.68%"
"03.11.2020","48.73","48.26","49.02","47.70","3.29M","1.90%"
"02.11.2020","47.82","46.13","48.06","45.90","3.68M","5.12%"
"30.10.2020","45.49","45.86","46.19","44.73","5.17M","-1.64%"
"29.10.2020","46.25","44.63","46.66","44.57","4.30M","2.37%"
"28.10.2020","45.18","44.97","45.70","44.33","6.16M","-2.98%"
"27.10.2020","46.57","46.93","47.19","46.39","4.14M","-1.23%"
"26.10.2020","47.15","47.86","48.12","46.82","4.03M","-2.84%"
"23.10.2020","48.53","49.52","49.95","48.41","3.12M","-0.59%"
"22.10.2020","48.82","50.00","50.04","47.15","5.25M","0.56%"
"21.10.2020","48.55","49.11","49.71","48.55","4.09M","-1.60%"
"20.10.2020","49.34","49.64","50.15","49.25","2.50M","1.02%"
"19.10.2020","48.84","49.41","50.23","48.75","2.90M","-0.93%"
"16.10.2020","49.30","49.37","49.99","49.13","2.75M","0.59%"
"15.10.2020","49.01","47.85","49.07","47.85","2.79M","0.37%"
"14.10.2020","48.83","48.00","48.95","47.42","5.32M","1.98%"
"13.10.2020","47.88","48.26","48.97","47.81","6.83M","-1.44%"
"12.10.2020","48.58","49.50","49.50","48.28","3.01M","-1.58%"
"09.10.2020","49.36","49.80","50.09","48.70","4.47M","-0.04%"
"08.10.2020","49.38","48.68","49.39","48.48","2.96M","2.24%"
"07.10.2020","48.30","48.54","49.00","48.00","4.51M","0.88%"
"06.10.2020","47.88","49.10","49.78","47.86","4.47M","-1.44%"
"05.10.2020","48.58","47.90","48.88","47.70","3.91M","2.68%"
"02.10.2020","47.31","45.37","47.47","45.13","4.56M","2.60%"
"01.10.2020","46.11","47.02","47.49","45.93","3.41M","-2.00%"
"30.09.2020","47.05","47.07","48.11","46.62","4.66M","1.03%"
"29.09.2020","46.57","47.22","47.76","46.26","2.72M","-1.92%"
"28.09.2020","47.48","46.77","48.27","46.77","3.99M","3.13%"
"25.09.2020","46.04","45.77","46.40","45.63","4.09M","-0.80%"
"24.09.2020","46.41","46.54","46.99","45.70","4.65M","-0.71%"
"23.09.2020","46.74","47.58","48.06","46.49","4.02M","-2.22%"
"22.09.2020","47.80","47.86","48.12","47.20","4.18M","-0.23%"
"21.09.2020","47.91","48.72","49.23","47.19","6.47M","-4.88%"
"18.09.2020","50.37","50.53","51.23","50.25","6.27M","-1.18%"
"17.09.2020","50.97","49.05","51.23","48.90","5.25M","2.56%"
"16.09.2020","49.70","50.28","51.09","49.44","5.86M","-2.68%"
"15.09.2020","51.07","50.43","51.56","50.43","4.77M","1.96%"
"14.09.2020","50.09","50.11","50.49","49.74","5.30M","0.48%"
"11.09.2020","49.85","49.21","50.42","49.04","6.23M","2.36%"
"10.09.2020","48.70","49.43","49.74","48.68","4.21M","-1.08%"
"09.09.2020","49.23","48.51","49.86","48.51","4.17M","2.71%"
"08.09.2020","47.93","47.57","48.41","47.48","4.28M","-1.38%"
"04.09.2020","48.60","49.29","49.70","48.08","5.33M","0.43%"
"03.09.2020","48.39","49.17","49.78","47.92","6.73M","-1.69%"
"02.09.2020","49.22","47.68","49.26","47.44","7.31M","4.13%"
"01.09.2020","47.27","44.79","47.28","44.47","5.43M","4.77%"
"31.08.2020","45.12","45.97","46.11","45.10","3.92M","-2.02%"
"28.08.2020","46.05","45.41","46.21","44.97","3.77M","-0.24%"
"27.08.2020","46.16","46.61","46.92","45.82","3.70M","-0.39%"
"26.08.2020","46.34","45.65","46.65","45.29","3.93M","1.65%"
"25.08.2020","45.59","46.40","46.65","45.48","4.19M","-1.15%"
"24.08.2020","46.12","44.13","46.15","44.06","4.61M","5.80%"
"21.08.2020","43.59","43.50","43.87","43.25","2.51M","-0.23%"
"20.08.2020","43.69","44.00","44.14","43.53","3.32M","-2.13%"
"19.08.2020","44.64","44.60","45.09","44.26","3.45M","-0.16%"
"18.08.2020","44.71","44.41","45.02","44.31","2.45M","0.56%"
"17.08.2020","44.46","45.10","45.44","44.22","3.26M","-0.91%"
"14.08.2020","44.87","43.95","45.14","43.83","2.00M","0.99%"
"13.08.2020","44.43","43.94","44.86","43.84","2.77M","0.34%"
"12.08.2020","44.28","45.20","45.29","43.93","2.58M","-0.49%"
"11.08.2020","44.50","45.55","46.07","44.36","4.37M","-0.67%"
"10.08.2020","44.80","42.89","44.89","42.89","4.25M","5.09%"
"07.08.2020","42.63","41.58","42.67","41.44","2.91M","1.38%"
"06.08.2020","42.05","41.74","42.30","41.07","3.72M","0.14%"
"05.08.2020","41.99","41.95","42.48","41.75","3.63M","1.62%"
"04.08.2020","41.32","40.04","41.86","39.90","5.41M","3.07%"
"03.08.2020","40.09","41.22","41.24","40.09","5.08M","-2.36%"
"31.07.2020","41.06","41.49","41.92","40.59","7.46M","-1.61%"
"30.07.2020","41.73","42.58","42.74","41.36","4.12M","-4.11%"
"29.07.2020","43.52","42.80","43.64","42.74","3.19M","2.11%"
"28.07.2020","42.62","43.73","43.98","42.60","3.40M","-3.14%"
"27.07.2020","44.00","42.87","44.48","42.55","4.73M","3.26%"
"24.07.2020","42.61","42.82","43.48","42.30","3.00M","-0.49%"
"23.07.2020","42.82","42.71","43.14","41.93","6.57M","-3.43%"
"22.07.2020","44.34","42.94","44.46","42.91","5.79M","3.02%"
"21.07.2020","43.04","42.65","43.42","42.65","3.40M","1.75%"
"20.07.2020","42.30","43.34","43.67","42.12","3.58M","-3.14%"
"17.07.2020","43.67","44.07","44.15","42.96","4.61M","-0.37%"
"16.07.2020","43.83","43.08","44.26","42.91","4.26M","1.15%"
"15.07.2020","43.33","43.70","44.06","42.56","3.79M","2.10%"
"14.07.2020","42.44","41.36","42.68","41.24","4.35M","2.91%"
"13.07.2020","41.24","41.11","41.84","40.55","3.09M","1.18%"
"10.07.2020","40.76","39.44","40.82","39.42","3.01M","3.35%"
"09.07.2020","39.44","40.40","40.50","39.17","3.67M","-2.26%"
"08.07.2020","40.35","41.36","41.76","39.63","4.82M","-3.21%"
"07.07.2020","41.69","41.74","42.07","41.17","4.54M","-1.79%"
"06.07.2020","42.45","42.65","42.78","41.57","4.68M","2.07%"
"02.07.2020","41.59","41.66","42.25","40.91","4.02M","2.06%"
"01.07.2020","40.75","40.75","41.30","40.33","4.02M","-0.02%"
"30.06.2020","40.76","40.70","40.94","39.76","4.84M","-0.54%"
"29.06.2020","40.98","40.44","41.19","40.23","7.76M","2.96%"
"26.06.2020","39.80","39.43","39.97","38.74","8.33M","-0.45%"
"25.06.2020","39.98","37.98","40.02","37.68","5.99M","3.98%"
"24.06.2020","38.45","40.45","40.72","38.33","7.71M","-7.01%"
"23.06.2020","41.35","42.37","42.37","41.35","3.60M","-0.93%"
"22.06.2020","41.74","41.32","42.13","40.67","3.32M","0.22%"
"19.06.2020","41.65","42.59","42.99","41.48","7.49M","0.17%"
"18.06.2020","41.58","40.41","41.97","40.41","4.11M","1.00%"
"17.06.2020","41.17","42.73","42.77","41.04","3.53M","-2.56%"
"16.06.2020","42.25","44.12","44.50","41.50","5.60M","0.64%"
"15.06.2020","41.98","39.38","42.43","39.31","5.67M","1.82%"
"12.06.2020","41.23","41.82","41.92","39.99","5.03M","5.02%"
"11.06.2020","39.26","41.22","42.04","38.95","9.23M","-9.91%"
"10.06.2020","43.58","44.21","44.50","43.40","4.27M","-1.87%"
"09.06.2020","44.41","44.28","44.77","43.93","5.54M","-3.25%"
"08.06.2020","45.90","44.29","45.92","44.21","5.73M","4.39%"
"05.06.2020","43.97","44.71","45.73","43.84","7.66M","2.95%"
"04.06.2020","42.71","41.47","42.75","41.33","3.90M","2.59%"
"03.06.2020","41.63","41.50","42.30","41.50","5.16M","2.54%"
"02.06.2020","40.60","39.24","41.23","39.20","6.08M","5.15%"
"01.06.2020","38.61","38.59","39.01","38.18","3.01M","0.03%"
"29.05.2020","38.60","38.14","38.99","37.72","5.25M","-0.28%"
"28.05.2020","38.71","39.63","39.68","38.41","5.27M","-2.79%"
"27.05.2020","39.82","39.95","40.62","39.15","6.90M","2.66%"
"26.05.2020","38.79","38.34","38.94","37.92","6.19M","7.39%"
"22.05.2020","36.12","35.58","36.17","35.38","3.04M","0.84%"
"21.05.2020","35.82","36.01","36.76","35.67","3.94M","-1.00%"
"20.05.2020","36.18","36.37","36.99","35.77","5.66M","1.52%"
"19.05.2020","35.64","36.47","36.66","35.64","4.42M","-2.99%"
"18.05.2020","36.74","35.84","37.98","35.84","8.55M","9.48%"
"15.05.2020","33.56","33.07","33.96","32.85","4.83M","0.15%"
"14.05.2020","33.51","31.11","33.53","30.98","6.19M","3.59%"
"13.05.2020","32.35","33.51","33.51","31.80","5.87M","-4.26%"
"12.05.2020","33.79","34.25","35.41","33.75","5.68M","-0.32%"
"11.05.2020","33.90","34.20","34.24","33.08","4.32M","-1.25%"
"08.05.2020","34.33","33.78","34.37","33.37","4.32M","4.51%"
"07.05.2020","32.85","32.53","33.80","32.51","5.06M","2.78%"
"06.05.2020","31.96","32.71","33.38","31.88","4.60M","-4.23%"
"05.05.2020","33.37","33.63","34.55","33.23","5.04M","0.94%"
"04.05.2020","33.06","32.10","33.14","31.76","6.25M","-2.56%"
"01.05.2020","33.93","34.73","35.09","33.54","8.71M","-7.52%"
"30.04.2020","36.69","37.27","37.35","36.05","10.99M","-2.08%"
"29.04.2020","37.47","37.00","38.09","36.90","6.89M","4.46%"
"28.04.2020","35.87","35.48","36.19","34.71","5.87M","4.15%"
"27.04.2020","34.44","33.31","34.74","32.81","4.89M","3.99%"
"24.04.2020","33.12","33.04","33.35","32.24","4.98M","1.72%"
"23.04.2020","32.56","32.10","33.33","32.01","7.72M","2.26%"
"22.04.2020","31.84","31.80","32.03","30.88","5.34M","3.11%"
"21.04.2020","30.88","30.40","31.16","29.62","7.32M","-2.06%"
"20.04.2020","31.53","32.18","32.83","31.50","7.14M","-5.66%"
"17.04.2020","33.42","33.04","34.06","32.60","6.54M","5.66%"
"16.04.2020","31.63","32.69","32.69","30.65","6.92M","-1.86%"
"15.04.2020","32.23","33.85","33.85","31.87","7.59M","-8.88%"
"14.04.2020","35.37","36.37","37.14","35.09","7.35M","0.40%"
"13.04.2020","35.23","36.47","36.90","34.57","7.17M","-3.64%"
"09.04.2020","36.56","35.75","37.74","35.54","9.89M","5.09%"
"08.04.2020","34.79","32.97","34.94","32.36","7.22M","7.61%"
"07.04.2020","32.33","32.76","35.07","31.81","15.03M","5.86%"
"06.04.2020","30.54","29.53","30.98","29.50","8.02M","9.19%"
"03.04.2020","27.97","27.78","28.57","27.42","8.01M","-0.21%"
"02.04.2020","28.03","27.11","29.84","26.93","10.68M","3.66%"
"01.04.2020","27.04","27.84","28.27","26.94","10.34M","-7.52%"
"31.03.2020","29.24","28.55","30.08","28.45","7.60M","2.06%"
"30.03.2020","28.65","28.31","29.39","27.81","6.82M","0.32%"
"27.03.2020","28.56","28.01","29.26","26.92","9.10M","-3.77%"
"26.03.2020","29.68","30.39","31.29","28.95","14.30M","-2.30%"
"25.03.2020","30.38","29.34","32.41","28.65","10.54M","6.71%"
"24.03.2020","28.47","28.52","29.95","26.92","12.33M","7.11%"
"23.03.2020","26.58","27.14","28.43","26.01","11.70M","-3.13%"
"20.03.2020","27.44","28.59","29.69","26.59","12.65M","-2.42%"
"19.03.2020","28.12","26.29","31.35","25.93","13.89M","6.35%"
"18.03.2020","26.44","24.82","28.25","24.52","16.96M","-0.60%"
"17.03.2020","26.60","25.67","27.60","22.74","19.87M","20.91%"
"16.03.2020","22.00","23.10","25.43","21.95","12.35M","-14.36%"
"13.03.2020","25.69","27.93","28.01","22.58","17.35M","8.53%"
"12.03.2020","23.67","25.45","26.39","22.39","18.16M","-15.43%"
"11.03.2020","27.99","30.19","30.33","27.85","12.46M","-10.86%"
"10.03.2020","31.40","32.51","33.33","29.32","12.98M","2.85%"
"09.03.2020","30.53","34.75","34.94","30.43","15.08M","-21.66%"
"06.03.2020","38.97","38.72","39.69","38.31","6.93M","-2.82%"
"05.03.2020","40.10","40.03","40.63","39.66","5.45M","-4.32%"
"04.03.2020","41.91","41.45","41.97","40.21","4.97M","3.33%"
"03.03.2020","40.56","41.35","42.74","39.74","6.77M","-2.08%"
"02.03.2020","41.42","41.05","41.42","39.78","7.71M","2.50%"
"28.02.2020","40.41","38.12","40.49","38.05","10.28M","2.17%"
"27.02.2020","39.55","41.33","41.46","39.50","10.01M","-8.13%"
"26.02.2020","43.05","44.45","44.88","43.02","6.47M","-2.05%"
"25.02.2020","43.95","46.50","46.53","43.58","5.53M","-4.95%"
"24.02.2020","46.24","46.61","47.04","45.80","5.08M","-4.27%"
"21.02.2020","48.30","48.58","48.77","48.08","3.97M","-0.94%"
"20.02.2020","48.76","47.52","48.81","47.44","4.15M","2.52%"
"19.02.2020","47.56","47.82","48.29","47.41","5.64M","-0.38%"
"18.02.2020","47.74","48.19","48.52","47.23","3.59M","-1.83%"
"14.02.2020","48.63","48.51","48.94","48.38","3.21M","0.68%"
"13.02.2020","48.30","48.90","48.99","48.02","3.30M","-2.19%"
"12.02.2020","49.38","49.69","50.37","48.99","2.96M","1.21%"
"11.02.2020","48.79","48.54","50.01","48.50","3.71M","1.25%"
"10.02.2020","48.19","47.80","48.72","47.80","2.49M","0.33%"
"07.02.2020","48.03","48.54","48.54","47.45","3.80M","-2.38%"
"06.02.2020","49.20","49.61","49.66","48.56","5.99M","-0.83%"
"05.02.2020","49.61","48.88","49.74","48.52","5.40M","3.25%"
"04.02.2020","48.05","47.65","48.38","47.44","5.29M","2.80%"
"03.02.2020","46.74","46.31","46.97","45.73","6.37M","1.45%"
"31.01.2020","46.07","47.70","47.87","45.92","7.53M","-4.95%"
"30.01.2020","48.47","48.31","48.98","47.66","5.64M","-2.42%"
"29.01.2020","49.67","48.98","49.95","48.60","6.83M","5.32%"
"28.01.2020","47.16","47.40","47.72","47.02","5.81M","-0.04%"
"27.01.2020","47.18","47.31","47.58","46.64","4.83M","-2.70%"
"24.01.2020","48.49","49.88","50.27","48.04","5.92M","-3.50%"
"23.01.2020","50.25","50.22","50.75","49.15","5.80M","-1.22%"
"22.01.2020","50.87","52.73","52.80","50.68","5.15M","-3.29%"
"21.01.2020","52.60","52.98","53.15","52.20","4.16M","-1.39%"
"17.01.2020","53.34","52.53","53.36","52.42","3.90M","1.64%"
"16.01.2020","52.48","52.58","52.87","52.17","3.77M","0.40%"
"15.01.2020","52.27","52.19","52.65","51.70","2.24M","0.06%"
"14.01.2020","52.24","52.19","52.97","51.95","3.69M","-0.21%"
"13.01.2020","52.35","51.50","52.40","51.47","2.67M","1.65%"
"10.01.2020","51.50","52.86","52.87","51.40","3.28M","-1.32%"
"09.01.2020","52.19","52.75","53.07","51.81","2.67M","-1.02%"
"08.01.2020","52.73","52.41","53.17","51.92","3.63M","1.03%"
"07.01.2020","52.19","52.29","53.06","51.99","5.13M","-0.04%"
"06.01.2020","52.21","52.32","52.88","52.00","4.30M","-0.40%"
"03.01.2020","52.42","53.11","53.60","52.41","5.00M","-2.47%"
"02.01.2020","53.75","55.23","55.54","53.64","5.15M","-1.79%"
"31.12.2019","54.73","54.02","54.78","53.93","2.15M","0.72%"
"30.12.2019","54.34","54.86","55.05","54.24","1.94M","-0.89%"
"27.12.2019","54.83","55.29","55.55","54.72","1.69M","-0.71%"
"26.12.2019","55.22","54.98","55.23","54.52","1.91M","0.58%"
"24.12.2019","54.90","55.00","55.25","54.65","926.17K","-0.05%"
"23.12.2019","54.93","54.49","55.05","54.22","2.68M","0.59%"
"20.12.2019","54.61","55.05","55.25","54.02","10.48M","0.17%"
"19.12.2019","54.52","54.43","54.87","54.06","3.36M","0.50%"
"18.12.2019","54.25","54.36","54.69","53.54","3.66M","-0.75%"
"17.12.2019","54.66","54.10","54.74","53.93","2.67M","0.90%"
"16.12.2019","54.17","53.61","54.54","53.51","4.04M","1.67%"
"13.12.2019","53.28","54.64","54.82","53.25","3.20M","-2.15%"
"12.12.2019","54.45","53.25","54.58","52.82","2.88M","2.54%"
"11.12.2019","53.10","53.50","54.07","53.05","3.25M","-0.06%"
"10.12.2019","53.13","53.36","53.39","52.69","2.61M","-0.26%"
"09.12.2019","53.27","53.96","53.98","52.99","2.39M","0.09%"
"06.12.2019","53.22","52.59","53.75","52.59","2.85M","2.35%"
"05.12.2019","52.00","52.53","52.65","51.68","2.69M","-0.54%"
"04.12.2019","52.28","53.49","53.49","52.21","3.79M","0.89%"
"03.12.2019","51.82","51.96","52.01","51.05","3.99M","-2.52%"
"02.12.2019","53.16","53.00","53.75","52.89","3.36M","-0.39%"
"29.11.2019","53.37","54.01","54.28","53.12","1.89M","-1.68%"
"27.11.2019","54.28","54.68","54.90","53.90","3.93M","-1.97%"
"26.11.2019","55.37","55.20","55.75","54.82","4.68M","0.31%"
"25.11.2019","55.20","54.82","55.23","54.36","5.10M","1.85%"
"22.11.2019","54.20","53.98","54.66","53.60","3.12M","0.59%"
"21.11.2019","53.88","52.71","53.92","52.35","4.62M","2.30%"
"20.11.2019","52.67","53.14","53.45","52.10","5.40M","-1.35%"
"19.11.2019","53.39","54.81","54.81","52.79","5.23M","-1.71%"
"18.11.2019","54.32","54.75","54.91","54.12","3.45M","-0.98%"
"15.11.2019","54.86","54.27","55.29","54.14","3.87M","1.69%"
"14.11.2019","53.95","53.30","54.14","53.15","2.60M","0.54%"
"13.11.2019","53.66","54.19","54.48","53.46","3.45M","-2.72%"
"12.11.2019","55.16","56.00","56.11","54.53","2.74M","-1.16%"
"11.11.2019","55.81","55.55","56.25","55.22","3.20M","-0.32%"
"08.11.2019","55.99","55.50","55.99","55.02","4.83M","0.34%"
"07.11.2019","55.80","54.94","55.94","54.42","6.69M","2.80%"
"06.11.2019","54.28","54.16","54.74","53.81","3.86M","0.15%"
"05.11.2019","54.20","54.01","55.00","53.65","6.08M","0.06%"
"04.11.2019","54.17","52.65","54.41","52.46","5.44M","3.56%"
"01.11.2019","52.31","50.98","52.49","50.90","3.24M","3.60%"
"31.10.2019","50.49","50.88","51.03","49.71","3.79M","-1.06%"
"30.10.2019","51.03","51.20","51.47","50.33","3.61M","-0.89%"
"29.10.2019","51.49","50.96","51.63","50.37","3.47M","0.55%"
"28.10.2019","51.21","50.75","51.44","50.43","4.55M","1.45%"
"25.10.2019","50.48","49.78","50.76","48.90","5.41M","2.04%"
"24.10.2019","49.47","48.65","49.99","47.84","6.12M","4.74%"
"23.10.2019","47.23","46.78","47.51","46.55","4.29M","0.88%"
"22.10.2019","46.82","47.08","47.38","46.02","4.94M","-0.64%"
"21.10.2019","47.12","48.59","48.97","47.09","4.00M","-1.75%"
"18.10.2019","47.96","47.91","48.19","47.36","3.01M","0.31%"
"17.10.2019","47.81","47.44","48.54","47.14","2.73M","1.46%"
"16.10.2019","47.12","47.49","47.92","47.01","3.63M","-0.17%"
"15.10.2019","47.20","46.82","48.10","46.53","3.35M","0.81%"
"14.10.2019","46.82","46.72","47.27","46.24","3.25M","-0.66%"
"11.10.2019","47.13","45.75","47.72","45.50","3.70M","4.92%"
"10.10.2019","44.92","44.33","45.29","44.02","4.49M","2.07%"
"09.10.2019","44.01","44.39","44.54","44.00","2.85M","0.36%"
"08.10.2019","43.85","44.75","45.05","43.83","3.00M","-2.92%"
"07.10.2019","45.17","45.08","45.77","44.77","2.98M","-0.37%"
"04.10.2019","45.34","45.18","45.78","45.01","3.59M","0.07%"
"03.10.2019","45.31","44.85","45.39","44.37","3.48M","0.85%"
"02.10.2019","44.93","44.67","45.17","44.36","4.84M","-2.26%"
"01.10.2019","45.97","47.94","48.57","45.90","3.84M","-3.53%"
"30.09.2019","47.65","47.26","47.79","47.11","2.57M","1.23%"
"27.09.2019","47.07","47.40","47.88","47.01","3.73M","-0.34%"
"26.09.2019","47.23","47.51","47.69","46.93","3.00M","-0.94%"
"25.09.2019","47.68","46.55","47.97","46.13","4.42M","2.32%"
"24.09.2019","46.60","47.78","48.00","45.95","4.52M","-2.73%"
"23.09.2019","47.91","47.39","48.22","47.12","3.61M","-0.62%"
"20.09.2019","48.21","47.47","48.85","47.07","10.59M","1.20%"
"19.09.2019","47.64","48.12","48.41","47.49","2.54M","0.27%"
"18.09.2019","47.51","47.90","47.90","47.02","2.59M","-1.02%"
"17.09.2019","48.00","48.67","49.09","47.61","4.92M","-2.06%"
"16.09.2019","49.01","48.69","49.98","48.28","5.04M","1.68%"
"13.09.2019","48.20","47.64","48.44","47.25","4.03M","2.62%"
"12.09.2019","46.97","47.07","47.19","45.57","3.65M","0.19%"
"11.09.2019","46.88","46.52","47.05","45.58","4.45M","1.21%"
"10.09.2019","46.32","45.10","46.37","44.78","4.70M","4.21%"
"09.09.2019","44.45","43.53","44.63","43.26","3.85M","2.80%"
"06.09.2019","43.24","43.54","43.66","42.66","3.22M","-0.28%"
"05.09.2019","43.36","43.15","43.97","43.09","4.04M","1.93%"
"04.09.2019","42.54","42.59","42.79","41.85","2.67M","1.77%"
"03.09.2019","41.80","42.14","42.23","41.15","3.36M","-1.95%"
"30.08.2019","42.63","42.83","43.00","42.27","4.11M","0.61%"
"29.08.2019","42.37","42.33","43.00","42.21","3.30M","-0.35%"
"28.08.2019","42.52","41.15","42.64","40.76","4.64M","3.28%"
"27.08.2019","41.17","41.19","41.73","40.92","4.15M","0.86%"
"26.08.2019","40.82","41.27","41.35","40.61","3.40M","0.27%"
"23.08.2019","40.71","42.00","42.02","40.44","6.72M","-3.19%"
"22.08.2019","42.05","43.32","43.90","42.02","6.07M","-2.84%"
"21.08.2019","43.28","43.85","44.24","43.24","4.40M","0.28%"
"20.08.2019","43.16","45.25","45.25","43.07","5.97M","-5.35%"
"19.08.2019","45.60","45.36","45.86","45.15","3.62M","2.45%"
"16.08.2019","44.51","43.29","44.81","42.77","4.59M","2.60%"
"15.08.2019","43.38","44.34","44.37","42.96","3.49M","-1.59%"
"14.08.2019","44.08","45.80","46.15","44.00","6.18M","-5.91%"
"13.08.2019","46.85","45.78","47.76","45.58","5.42M","2.54%"
"12.08.2019","45.69","46.39","46.80","45.52","4.49M","-2.04%"
"09.08.2019","46.64","46.42","46.99","46.10","4.47M","-0.32%"
"08.08.2019","46.79","45.20","46.82","45.19","4.57M","4.23%"
"07.08.2019","44.89","44.10","45.00","43.91","4.49M","1.04%"
"06.08.2019","44.43","45.11","45.45","43.73","4.70M","-0.76%"
"05.08.2019","44.77","45.06","45.13","44.07","5.15M","-1.82%"
"02.08.2019","45.60","46.69","47.50","45.37","5.35M","-2.67%"
"01.08.2019","46.85","48.15","48.60","46.78","5.80M","-3.28%"
"31.07.2019","48.44","48.49","49.43","47.95","5.19M","0.08%"
"30.07.2019","48.40","47.78","48.44","47.78","4.19M","0.73%"
"29.07.2019","48.05","48.52","48.88","47.98","4.22M","-2.16%"
"26.07.2019","49.11","50.27","50.30","48.92","5.07M","-3.27%"
"25.07.2019","50.77","51.64","51.99","50.30","4.25M","-3.83%"
"24.07.2019","52.79","52.50","52.99","52.04","3.52M","0.32%"
"23.07.2019","52.62","51.00","52.90","50.95","4.39M","3.42%"
"22.07.2019","50.88","51.50","51.57","50.60","2.82M","-1.24%"
"19.07.2019","51.52","51.77","51.83","51.50","3.22M","-0.44%"
"18.07.2019","51.75","51.55","52.05","51.28","3.66M","0.29%"
"17.07.2019","51.60","52.16","52.30","51.23","4.42M","-1.38%"
"16.07.2019","52.32","50.95","52.64","50.95","6.01M","2.73%"
"15.07.2019","50.93","49.77","50.95","49.66","4.92M","2.45%"
"12.07.2019","49.71","48.46","50.04","48.08","4.33M","4.04%"
"11.07.2019","47.78","47.73","48.06","47.18","4.20M","0.48%"
"10.07.2019","47.55","48.34","48.42","47.52","3.51M","-0.67%"
"09.07.2019","47.87","48.30","48.43","47.50","4.97M","-1.34%"
"08.07.2019","48.52","49.34","49.50","48.38","5.94M","-1.60%"
"05.07.2019","49.31","49.01","49.37","48.96","2.53M","-0.04%"
"03.07.2019","49.33","49.46","49.65","49.20","2.48M","-0.14%"
"02.07.2019","49.40","50.00","50.06","48.76","4.73M","-1.52%"
"01.07.2019","50.16","50.00","50.20","49.52","4.66M","1.72%"
"28.06.2019","49.31","51.04","51.20","49.08","6.51M","-3.14%"
"27.06.2019","50.91","50.61","51.14","50.53","4.10M","0.91%"
"26.06.2019","50.45","49.85","51.22","49.81","5.24M","1.53%"
"25.06.2019","49.69","49.49","50.22","49.05","4.01M","0.22%"
"24.06.2019","49.58","48.51","49.70","48.32","4.60M","2.52%"
"21.06.2019","48.36","48.82","49.27","48.31","9.48M","-1.16%"
"20.06.2019","48.93","49.09","49.59","48.62","4.23M","0.89%"
"19.06.2019","48.50","49.95","50.24","48.33","5.40M","-2.24%"
"18.06.2019","49.61","49.75","50.57","49.40","5.01M","0.53%"
"17.06.2019","49.35","50.06","50.33","49.05","5.79M","-3.52%"
"14.06.2019","51.15","52.63","52.69","51.00","3.92M","-3.27%"
"13.06.2019","52.88","52.68","52.95","52.04","4.18M","0.74%"
"12.06.2019","52.49","52.06","52.64","51.68","3.10M","0.86%"
"11.06.2019","52.04","52.00","52.17","51.56","5.14M","0.81%"
"10.06.2019","51.62","51.72","52.10","51.58","5.43M","0.62%"
"07.06.2019","51.30","51.13","51.69","50.87","5.39M","0.47%"
"06.06.2019","51.06","50.28","51.31","50.15","6.23M","1.43%"
"05.06.2019","50.34","50.49","50.57","49.05","6.41M","0.82%"
"04.06.2019","49.93","48.68","49.93","48.64","7.04M","4.11%"
"03.06.2019","47.96","46.85","47.96","46.85","5.91M","2.57%"
"31.05.2019","46.76","47.96","48.00","46.75","3.40M","-3.53%"
"30.05.2019","48.47","48.12","48.59","48.02","3.78M","-0.49%"
"29.05.2019","48.71","48.20","49.43","48.01","3.53M","0.31%"
"28.05.2019","48.56","49.37","49.43","48.10","6.61M","-1.30%"
"24.05.2019","49.20","49.39","49.58","48.44","2.92M","1.01%"
"23.05.2019","48.71","49.50","49.86","48.21","4.92M","-2.99%"
"22.05.2019","50.21","50.46","50.61","49.97","3.02M","-0.83%"
"21.05.2019","50.63","50.28","51.19","50.02","4.97M","1.10%"
"20.05.2019","50.08","50.40","50.54","49.92","5.17M","-1.42%"
"17.05.2019","50.80","52.34","52.52","50.66","4.44M","-4.11%"
"16.05.2019","52.98","53.29","53.55","52.73","3.69M","0.06%"
"15.05.2019","52.95","51.98","53.33","51.67","2.93M","0.90%"
"14.05.2019","52.48","51.33","53.00","50.84","4.20M","3.00%"
"13.05.2019","50.95","52.28","52.55","50.76","4.21M","-3.99%"
"10.05.2019","53.07","52.94","53.71","52.49","4.76M","0.26%"
"09.05.2019","52.93","52.26","53.14","51.55","4.58M","0.86%"
"08.05.2019","52.48","53.33","53.40","52.31","5.39M","-0.89%"
"07.05.2019","52.95","52.86","53.33","52.65","7.33M","-0.95%"
"06.05.2019","53.46","52.15","54.03","51.70","6.09M","0.30%"
"03.05.2019","53.30","53.20","53.35","51.72","7.40M","1.14%"
"02.05.2019","52.70","55.54","56.49","52.03","13.93M","-6.11%"
"01.05.2019","56.13","56.82","57.48","55.88","7.64M","-1.06%"
"30.04.2019","56.73","55.76","57.20","55.60","6.45M","2.22%"
"29.04.2019","55.50","55.05","55.69","54.80","5.94M","0.45%"
"26.04.2019","55.25","55.30","55.60","54.95","4.01M","-0.14%"
"25.04.2019","55.33","55.76","55.98","54.82","6.26M","-1.16%"
"24.04.2019","55.98","57.49","57.89","55.87","5.43M","-2.88%"
"23.04.2019","57.64","57.29","57.84","57.00","5.69M","-0.43%"
"22.04.2019","57.89","57.48","58.41","57.26","4.40M","0.21%"
"18.04.2019","57.77","58.36","58.61","57.55","5.18M","-0.94%"
"17.04.2019","58.32","58.95","59.05","58.20","6.42M","-0.31%"
"16.04.2019","58.50","58.71","58.99","57.84","6.68M","1.25%"
"15.04.2019","57.78","58.57","58.85","57.29","5.73M","-0.89%"
"12.04.2019","58.30","55.93","58.33","55.93","9.28M","6.21%"
"11.04.2019","54.89","55.70","56.21","54.83","7.35M","-1.47%"
"10.04.2019","55.71","55.99","56.41","55.10","9.08M","-1.00%"
"09.04.2019","56.27","56.80","57.20","56.08","9.18M","-1.54%"
"08.04.2019","57.15","56.50","58.39","56.27","10.76M","-0.16%"
"05.04.2019","57.24","58.39","58.98","56.27","17.00M","-4.14%"
"04.04.2019","59.71","57.20","60.52","57.10","13.31M","4.98%"
"03.04.2019","56.88","57.08","57.20","55.51","15.07M","1.12%"
"02.04.2019","56.25","55.12","57.39","54.30","17.41M","5.14%"
"01.04.2019","53.50","52.30","54.39","51.25","19.66M","3.62%"
"29.03.2019","51.63","49.52","52.48","49.18","1.77M","1.53%"
"28.03.2019","50.85","50.90","51.00","49.91","585.44K","1.50%"
"27.03.2019","50.10","49.00","50.78","49.00","1.79M","2.56%"
"26.03.2019","48.85","49.00","49.75","48.18","504.73K","-0.61%"
"25.03.2019","49.15","48.60","49.40","48.00","440.89K","1.13%"
"22.03.2019","48.60","48.80","49.95","48.16","844.69K","-0.78%"
"21.03.2019","48.98","49.99","50.00","48.20","1.76M","-1.65%"
"20.03.2019","49.80","52.75","53.50","49.50","2.35M","-25.28%"
"31.08.2017","66.65","65.06","66.65","65.04","43.80M","2.70%"
"30.08.2017","64.90","63.85","64.98","63.74","4.32M","1.06%"
"29.08.2017","64.22","64.36","64.42","64.04","3.17M","-0.70%"
"28.08.2017","64.67","64.72","64.82","64.28","4.41M","0.20%"
"25.08.2017","64.54","64.59","64.74","64.27","2.68M","0.30%"
"24.08.2017","64.35","64.59","64.82","64.31","2.95M","-0.36%"
"23.08.2017","64.58","64.50","65.17","64.50","4.81M","-0.31%"
"22.08.2017","64.78","64.12","64.95","64.03","5.83M","1.44%"
"21.08.2017","63.86","63.50","63.98","63.17","5.17M","0.73%"
"18.08.2017","63.40","62.92","63.59","62.83","5.43M","0.35%"
"17.08.2017","63.18","63.60","63.95","63.16","5.99M","-1.19%"
"16.08.2017","63.94","63.79","64.02","63.57","5.15M","0.42%"
"15.08.2017","63.67","63.62","63.73","63.20","3.72M","0.41%"
"14.08.2017","63.41","63.53","63.90","63.24","3.17M","0.24%"
"11.08.2017","63.26","63.04","63.46","63.03","4.99M","0.24%"
"10.08.2017","63.11","63.26","63.40","62.52","5.25M","-0.61%"
"09.08.2017","63.50","63.27","63.66","63.15","3.23M","0.14%"
"08.08.2017","63.41","63.80","64.01","63.16","4.20M","-0.74%"
"07.08.2017","63.88","64.15","64.21","63.61","3.89M","-0.36%"
"04.08.2017","64.11","63.55","64.16","63.52","4.02M","1.07%"
"03.08.2017","63.43","64.31","64.53","63.23","6.19M","-1.35%"
"02.08.2017","64.30","64.33","64.51","63.91","3.46M","-0.60%"
"01.08.2017","64.69","64.46","64.80","64.08","5.20M","0.70%"
"31.07.2017","64.24","65.97","66.03","64.21","7.08M","-2.19%"
"28.07.2017","65.68","66.64","66.90","65.22","3.84M","-0.64%"
"27.07.2017","66.10","66.73","67.24","65.67","5.82M","-0.48%"
"26.07.2017","66.42","66.73","66.81","65.98","4.91M","-0.64%"
"25.07.2017","66.85","67.08","67.50","66.63","5.09M","0.95%"
"24.07.2017","66.22","66.08","66.62","65.87","3.53M","0.12%"
"21.07.2017","66.14","66.30","66.54","66.06","3.07M","-0.38%"
"20.07.2017","66.39","66.77","66.89","66.25","4.35M","-0.57%"
"19.07.2017","66.77","65.93","66.79","65.85","3.17M","1.55%"
"18.07.2017","65.75","65.98","66.14","65.59","2.44M","-0.56%"
"17.07.2017","66.12","66.25","66.46","65.87","2.92M","-0.18%"
"14.07.2017","66.24","65.74","66.42","65.53","3.14M","0.96%"
"13.07.2017","65.61","66.27","66.48","65.45","4.85M","-1.01%"
"12.07.2017","66.28","64.91","66.42","64.72","6.83M","2.68%"
"11.07.2017","64.55","64.58","64.61","63.91","3.30M","0.05%"
"10.07.2017","64.52","63.64","64.84","63.54","3.60M","0.99%"
"07.07.2017","63.89","63.61","63.98","63.26","3.30M","0.52%"
"06.07.2017","63.56","63.28","63.95","62.84","3.37M","0.22%"
"05.07.2017","63.42","64.00","64.10","63.04","3.85M","-0.81%"
"03.07.2017","63.94","63.42","64.24","63.31","3.01M","1.38%"
"30.06.2017","63.07","62.88","63.44","62.60","6.71M","0.57%"
"29.06.2017","62.71","63.28","63.93","62.50","4.44M","-0.85%"
"28.06.2017","63.25","63.42","63.56","63.06","5.12M","0.25%"
"27.06.2017","63.09","63.66","63.74","62.99","5.27M","-0.76%"
"26.06.2017","63.57","63.54","63.96","63.30","4.59M","0.16%"
"23.06.2017","63.47","63.84","64.00","63.29","7.18M","-0.56%"
"22.06.2017","63.83","63.72","64.13","63.57","4.79M","0.24%"
"21.06.2017","63.68","65.10","65.21","63.52","5.99M","-2.18%"
"20.06.2017","65.10","65.16","65.38","64.75","7.35M","-0.18%"
"19.06.2017","65.22","64.66","65.47","64.66","4.36M","1.29%"
"16.06.2017","64.39","64.65","64.75","63.84","9.45M","0.45%"
"15.06.2017","64.10","64.09","64.50","63.18","7.28M","-0.67%"
"14.06.2017","64.53","65.34","65.42","64.20","5.26M","-1.12%"
"13.06.2017","65.26","63.96","65.31","63.96","5.43M","1.95%"
"12.06.2017","64.01","64.32","64.60","63.73","5.48M","-1.13%"
"09.06.2017","64.74","64.07","64.90","63.99","8.36M","1.20%"
"08.06.2017","63.97","63.79","64.23","63.58","5.44M","-0.02%"
"07.06.2017","63.98","63.94","64.09","63.24","6.40M","0.39%"
"06.06.2017","63.73","63.00","64.06","62.86","6.27M","0.82%"
"05.06.2017","63.21","63.00","63.34","62.85","5.55M","0.25%"
"02.06.2017","63.05","62.97","63.43","62.80","4.65M","0.46%"
"01.06.2017","62.76","61.96","62.86","61.88","5.85M","1.29%"
"31.05.2017","61.96","60.99","61.98","60.56","11.01M","1.76%"
"30.05.2017","60.89","60.76","61.10","60.61","3.97M","-0.28%"
"26.05.2017","61.06","60.46","61.16","60.44","3.12M","0.68%"
"25.05.2017","60.65","61.72","61.88","60.38","4.51M","-1.30%"
"24.05.2017","61.45","60.97","61.90","60.94","5.49M","1.10%"
"23.05.2017","60.78","61.17","61.44","60.74","5.31M","-0.33%"
"22.05.2017","60.98","61.81","61.90","60.95","5.12M","-0.51%"
"19.05.2017","61.29","60.63","61.93","60.59","7.98M","1.17%"
"18.05.2017","60.58","59.83","60.86","59.29","5.09M","0.63%"
"17.05.2017","60.20","61.81","61.92","60.13","7.35M","-3.37%"
"16.05.2017","62.30","62.53","62.73","62.17","3.63M","-0.16%"
"15.05.2017","62.40","62.34","62.96","62.24","3.44M","0.58%"
"12.05.2017","62.04","61.79","62.08","61.62","3.06M","0.29%"
"11.05.2017","61.86","61.82","62.07","60.60","7.01M","0.24%"
"10.05.2017","61.71","61.98","62.12","61.44","4.32M","-0.19%"
"09.05.2017","61.83","62.35","62.75","61.73","3.92M","-0.87%"
"08.05.2017","62.37","62.84","62.94","62.17","4.98M","-1.14%"
"05.05.2017","63.09","61.68","63.22","61.51","10.19M","2.72%"
"04.05.2017","61.42","61.89","61.95","61.23","7.77M","-0.47%"
"03.05.2017","61.71","62.24","62.45","61.22","8.61M","-1.30%"
"02.05.2017","62.52","62.83","63.00","62.31","5.77M","0.00%"
"01.05.2017","62.52","63.16","63.18","62.51","4.75M","-0.45%"
"28.04.2017","62.80","63.17","63.59","62.39","4.75M","-0.62%"
"27.04.2017","63.19","64.03","64.21","63.01","6.97M","-1.77%"
"26.04.2017","64.33","64.51","64.88","64.17","4.70M","-0.74%"
"25.04.2017","64.81","63.98","64.91","63.81","7.74M","3.17%"
"24.04.2017","62.82","62.63","63.19","62.61","4.93M","1.06%"
"21.04.2017","62.16","61.90","62.32","61.70","5.84M","0.36%"
"20.04.2017","61.94","61.85","62.49","61.49","5.09M","0.63%"
"19.04.2017","61.55","61.78","61.93","61.32","4.71M","0.11%"
"18.04.2017","61.48","61.60","61.88","61.12","4.43M","-0.40%"
"17.04.2017","61.73","61.15","61.76","60.87","4.83M","1.10%"
"13.04.2017","61.06","61.70","61.71","61.02","5.58M","-1.39%"
"12.04.2017","61.92","62.74","62.74","61.79","4.94M","-0.91%"
"11.04.2017","62.49","63.05","63.13","62.36","4.90M","-1.23%"
"10.04.2017","63.27","63.16","63.44","63.03","3.98M","0.13%"
"07.04.2017","63.19","63.43","63.57","63.10","2.70M","-0.66%"
"06.04.2017","63.61","63.50","64.00","63.36","3.81M","0.14%"
"05.04.2017","63.52","63.48","64.43","63.36","6.31M","0.51%"
"04.04.2017","63.20","63.06","63.25","62.58","5.09M","0.22%"
"03.04.2017","63.06","63.57","63.78","62.30","5.60M","-0.76%"
"31.03.2017","63.54","63.97","64.06","63.52","6.64M","-1.00%"
"30.03.2017","64.18","64.38","64.56","63.99","4.63M","-0.37%"
"29.03.2017","64.42","64.28","64.69","64.06","3.87M","-0.89%"
"28.03.2017","65.00","63.87","65.42","63.52","8.50M","1.53%"
"27.03.2017","64.02","62.62","64.66","62.32","8.31M","1.49%"
"24.03.2017","63.08","63.67","64.26","62.81","5.93M","-1.17%"
"23.03.2017","63.83","62.65","63.93","62.50","7.65M","1.66%"
"22.03.2017","62.79","62.86","62.93","61.97","9.27M","-0.46%"
"21.03.2017","63.08","64.54","64.73","62.91","9.92M","-2.20%"
"20.03.2017","64.50","63.95","64.66","63.72","6.58M","0.73%"
"17.03.2017","64.03","64.15","64.38","63.82","10.94M","0.27%"
"16.03.2017","63.86","64.41","64.48","63.66","4.80M","-0.90%"
"15.03.2017","64.44","63.92","64.50","63.77","4.43M","1.19%"
"14.03.2017","63.68","63.99","64.12","63.46","3.53M","-0.67%"
"13.03.2017","64.11","63.88","64.24","63.77","4.39M","0.42%"
"10.03.2017","63.84","63.83","64.05","63.43","5.50M","0.47%"
"09.03.2017","63.54","63.27","63.69","62.81","5.97M","0.41%"
"08.03.2017","63.28","63.22","64.05","63.00","6.93M","0.21%"
"07.03.2017","63.15","63.32","63.49","63.11","7.63M","-0.57%"
"06.03.2017","63.51","63.21","63.97","62.86","7.30M","0.40%"
"03.03.2017","63.26","63.45","63.61","63.05","3.57M","-0.14%"
"02.03.2017","63.35","63.42","63.67","63.23","5.66M","-0.17%"
"01.03.2017","63.46","62.87","63.64","62.72","8.87M","1.93%"
"28.02.2017","62.26","62.60","62.88","61.97","7.30M","-1.03%"
"27.02.2017","62.91","63.20","63.61","62.71","7.26M","-1.01%"
"24.02.2017","63.55","62.96","63.59","62.82","5.27M","0.28%"
"23.02.2017","63.37","63.63","63.88","63.03","6.25M","-0.47%"
"22.02.2017","63.67","61.19","64.36","61.08","18.78M","4.00%"
"21.02.2017","61.22","61.23","61.86","61.04","5.00M","-0.07%"
"17.02.2017","61.26","61.20","61.32","60.50","4.06M","-0.24%"
"16.02.2017","61.41","60.82","61.44","60.80","4.61M","0.51%"
"15.02.2017","61.10","61.48","61.54","61.06","7.80M","-1.00%"
"14.02.2017","61.72","61.05","61.74","60.63","4.52M","0.26%"
"13.02.2017","61.56","61.22","61.85","61.20","4.01M","0.60%"
"10.02.2017","61.19","60.54","61.30","60.42","4.77M","1.54%"
"09.02.2017","60.26","59.86","60.35","59.63","3.84M","0.89%"
"08.02.2017","59.73","59.85","60.00","59.50","4.73M","-0.10%"
"07.02.2017","59.79","59.91","60.21","59.66","3.14M","-0.38%"
"06.02.2017","60.02","60.03","60.15","59.80","3.97M","-0.32%"
"03.02.2017","60.21","59.97","60.28","59.51","4.55M","0.58%"
"02.02.2017","59.86","60.28","60.59","59.74","4.21M","-0.73%"
"01.02.2017","60.30","59.61","60.34","59.33","5.60M","1.12%"
"31.01.2017","59.63","59.84","59.95","59.21","5.75M","-0.86%"
"30.01.2017","60.15","60.84","60.92","59.81","5.45M","-1.89%"
"27.01.2017","61.31","61.41","61.73","61.22","5.26M","-0.18%"
"26.01.2017","61.42","60.47","61.65","60.21","10.43M","2.01%"
"25.01.2017","60.21","59.42","60.34","59.35","8.71M","0.96%"
"24.01.2017","59.64","57.58","59.77","57.35","9.20M","4.38%"
"23.01.2017","57.14","57.38","57.67","56.85","4.91M","-0.42%"
"20.01.2017","57.38","57.22","57.63","56.98","7.06M","0.51%"
"19.01.2017","57.09","57.88","58.00","56.76","4.09M","-1.07%"
"18.01.2017","57.71","57.54","57.71","57.09","3.89M","0.66%"
"17.01.2017","57.33","57.52","57.52","56.97","5.27M","-0.81%"
"13.01.2017","57.80","58.27","58.33","57.73","5.77M","-0.84%"
"12.01.2017","58.29","58.27","58.61","58.06","6.06M","0.05%"
"11.01.2017","58.26","57.90","58.30","57.43","6.49M","1.02%"
"10.01.2017","57.67","57.71","57.83","57.16","5.91M","-0.21%"
"09.01.2017","57.79","57.40","59.08","57.39","11.10M","0.61%"
"06.01.2017","57.44","57.80","57.89","57.11","5.09M","-0.62%"
"05.01.2017","57.80","58.09","58.19","57.42","4.14M","-0.45%"
"04.01.2017","58.06","57.88","58.27","57.70","5.25M","0.80%"
"03.01.2017","57.60","57.20","57.93","56.52","7.08M","0.66%"
"30.12.2016","57.22","57.56","57.58","56.91","4.95M","-0.35%"
"29.12.2016","57.42","58.00","58.14","57.37","3.27M","-0.83%"
"28.12.2016","57.90","58.59","58.73","57.88","3.34M","-0.89%"
"27.12.2016","58.42","58.46","58.90","58.38","2.11M","-0.02%"
"23.12.2016","58.43","58.18","58.45","58.04","3.07M","-0.54%"
"22.12.2016","58.75","59.02","59.15","58.41","5.54M","-0.56%"
"21.12.2016","59.08","58.94","59.33","58.65","5.32M","0.48%"
"20.12.2016","58.80","58.90","59.00","58.64","4.98M","0.03%"
"19.12.2016","58.78","58.94","58.94","58.35","5.84M","0.63%"
"16.12.2016","58.41","58.94","59.00","57.93","9.88M","0.10%"
"15.12.2016","58.35","57.42","58.48","57.42","5.87M","1.20%"
"14.12.2016","57.66","57.97","58.23","57.42","9.80M","-0.84%"
"13.12.2016","58.15","58.17","58.54","57.69","7.26M","-0.21%"
"12.12.2016","58.27","57.91","58.57","57.78","10.32M","0.97%"
"09.12.2016","57.71","57.47","57.75","57.13","6.61M","0.49%"
"08.12.2016","57.43","56.98","57.73","56.50","8.10M","0.93%"
"07.12.2016","56.90","56.06","56.99","55.94","8.20M","1.21%"
"06.12.2016","56.22","55.89","56.24","55.24","9.93M","0.29%"
"05.12.2016","56.06","55.74","56.53","55.72","11.33M","1.15%"
"02.12.2016","55.42","55.99","56.03","55.37","7.62M","-1.23%"
"01.12.2016","56.11","56.01","56.48","55.79","10.99M","0.70%"
"30.11.2016","55.72","54.28","56.08","54.13","18.32M","3.20%"
"29.11.2016","53.99","54.05","54.29","53.69","5.55M","-0.61%"
"28.11.2016","54.32","54.13","54.44","53.90","6.67M","0.26%"
"25.11.2016","54.18","54.05","54.30","53.84","2.49M","0.20%"
"23.11.2016","54.07","54.08","54.36","53.89","4.87M","-0.48%"
"22.11.2016","54.33","53.91","54.56","53.65","11.14M","0.61%"
"21.11.2016","54.00","53.55","54.12","53.51","7.45M","1.45%"
"18.11.2016","53.23","53.19","53.48","53.01","6.34M","-0.24%"
"17.11.2016","53.36","53.32","53.43","52.72","4.26M","0.34%"
"16.11.2016","53.18","53.16","53.71","53.02","4.68M","0.02%"
"15.11.2016","53.17","53.44","53.52","52.32","8.46M","-0.54%"
"14.11.2016","53.46","53.76","54.07","53.07","7.94M","-0.35%"
"11.11.2016","53.65","53.89","54.07","52.88","12.37M","-0.92%"
"10.11.2016","54.15","53.81","54.33","53.60","11.04M","0.52%"
"09.11.2016","53.87","52.06","54.05","51.60","11.17M","0.82%"
"08.11.2016","53.43","53.64","53.73","53.28","8.18M","-0.41%"
"07.11.2016","53.65","53.74","53.94","53.22","7.51M","0.98%"
"04.11.2016","53.13","53.24","53.38","52.94","6.21M","-0.24%"
"03.11.2016","53.26","53.71","53.73","53.24","4.85M","-0.63%"
"02.11.2016","53.60","53.66","53.75","53.41","6.20M","-0.33%"
"01.11.2016","53.78","54.03","54.03","53.29","7.11M","-0.06%"
"31.10.2016","53.81","54.15","54.15","53.59","5.95M","-0.20%"
"28.10.2016","53.92","54.52","54.94","53.86","8.14M","-1.17%"
"27.10.2016","54.56","54.23","55.19","53.93","11.12M","1.49%"
"26.10.2016","53.76","53.85","54.01","53.50","6.49M","-0.65%"
"25.10.2016","54.11","54.27","54.30","53.75","7.51M","-0.24%"
"24.10.2016","54.24","54.33","54.37","53.98","5.34M","0.26%"
"21.10.2016","54.10","53.50","54.20","53.33","6.57M","0.52%"
"20.10.2016","53.82","53.72","53.97","53.51","3.74M","-0.20%"
"19.10.2016","53.93","53.88","54.17","53.60","6.43M","0.45%"
"18.10.2016","53.69","53.55","53.90","53.37","4.26M","1.30%"
"17.10.2016","53.00","53.23","53.75","52.78","4.77M","-0.71%"
"14.10.2016","53.38","53.02","53.76","53.02","4.65M","0.89%"
"13.10.2016","52.91","52.60","53.06","52.18","4.52M","-0.56%"
"12.10.2016","53.21","53.51","53.69","52.89","3.06M","-0.58%"
"11.10.2016","53.52","53.44","53.53","52.92","4.96M","-0.04%"
"10.10.2016","53.54","53.53","53.90","53.37","5.22M","1.04%"
"07.10.2016","52.99","53.59","53.73","52.79","6.81M","-1.12%"
"06.10.2016","53.59","52.65","53.61","52.38","8.12M","1.69%"
"05.10.2016","52.70","52.03","52.99","51.98","6.37M","1.62%"
"04.10.2016","51.86","52.47","52.75","51.73","6.88M","-1.07%"
"03.10.2016","52.42","52.34","52.90","52.14","7.02M","1.14%"
"30.09.2016","51.83","52.04","52.28","51.79","6.65M","0.19%"
"29.09.2016","51.73","52.33","52.62","51.65","5.08M","-1.15%"
"28.09.2016","52.33","52.42","52.48","51.66","5.92M","-0.46%"
"27.09.2016","52.57","52.15","52.61","52.02","4.00M","0.84%"
"26.09.2016","52.13","52.21","52.27","52.02","5.04M","-0.21%"
"23.09.2016","52.24","52.36","52.75","52.09","6.03M","-0.61%"
"22.09.2016","52.56","53.04","53.20","52.55","4.14M","-0.34%"
"21.09.2016","52.74","52.88","52.97","52.30","7.16M","0.32%"
"20.09.2016","52.57","53.37","53.44","52.56","4.98M","-0.83%"
"19.09.2016","53.01","52.99","53.21","52.89","8.07M","0.55%"
"16.09.2016","52.72","52.64","52.85","52.33","7.50M","-0.25%"
"15.09.2016","52.85","52.34","52.99","52.21","5.49M","0.90%"
"14.09.2016","52.38","52.10","52.55","51.80","6.03M","0.65%"
"13.09.2016","52.04","52.50","52.52","51.57","6.76M","-1.64%"
"12.09.2016","52.91","53.00","53.11","52.23","7.23M","-0.94%"
"09.09.2016","53.41","53.92","54.59","53.20","12.58M","-1.62%"
"08.09.2016","54.29","53.91","54.32","53.47","9.96M","0.72%"
"07.09.2016","53.90","53.75","53.96","53.48","5.32M","0.00%"
"06.09.2016","53.90","54.19","54.36","53.72","4.13M","-0.52%"
"02.09.2016","54.18","54.11","54.31","53.90","3.85M","0.71%"
"01.09.2016","53.80","53.74","54.05","53.43","3.69M","0.30%"
"31.08.2016","53.64","53.76","53.91","53.42","5.21M","-0.65%"
"30.08.2016","53.99","54.06","54.50","53.92","6.33M","-0.26%"
"29.08.2016","54.13","53.71","54.41","53.71","5.08M","0.93%"
"26.08.2016","53.63","54.14","54.38","53.40","5.22M","-0.72%"
"25.08.2016","54.02","53.65","54.12","53.58","6.06M","0.76%"
"24.08.2016","53.61","53.75","53.81","53.47","4.77M","-0.32%"
"23.08.2016","53.78","53.68","53.99","53.25","4.95M","0.52%"
"22.08.2016","53.50","53.31","53.59","53.02","3.32M","0.15%"
"19.08.2016","53.42","52.95","53.57","52.95","4.43M","0.36%"
"18.08.2016","53.23","52.49","53.23","52.49","6.07M","1.12%"
"17.08.2016","52.64","52.37","52.85","52.11","3.85M","0.53%"
"16.08.2016","52.36","52.79","53.07","52.35","3.73M","-0.81%"
"15.08.2016","52.79","52.30","53.12","52.26","5.85M","0.88%"
"12.08.2016","52.33","53.49","53.58","52.15","7.36M","-2.44%"
"11.08.2016","53.64","53.55","53.68","53.06","5.90M","0.36%"
"10.08.2016","53.45","53.56","53.59","53.28","3.15M","0.11%"
"09.08.2016","53.39","53.69","53.70","53.23","2.84M","-0.39%"
"08.08.2016","53.60","53.46","53.86","53.45","4.99M","-0.07%"
"05.08.2016","53.64","53.64","53.78","53.45","3.90M","0.28%"
"04.08.2016","53.49","53.34","53.65","53.14","2.71M","0.11%"
"03.08.2016","53.43","53.23","53.64","52.91","2.81M","0.56%"
"02.08.2016","53.13","53.65","53.65","52.69","4.08M","-0.97%"
"01.08.2016","53.65","53.78","54.00","53.33","10.12M","-0.04%"
"29.07.2016","53.67","53.99","54.18","53.59","9.69M","0.00%"
"28.07.2016","53.67","53.90","54.11","53.38","6.55M","0.07%"
"27.07.2016","53.63","53.46","53.88","53.10","4.54M","0.17%"
"26.07.2016","53.54","53.49","53.98","53.45","6.71M","0.51%"
"25.07.2016","53.27","52.96","53.32","52.74","4.22M","0.28%"
"22.07.2016","53.12","52.64","53.26","52.43","3.86M","1.18%"
"21.07.2016","52.50","52.99","53.00","52.29","4.84M","-0.85%"
"20.07.2016","52.95","52.38","53.15","52.16","4.95M","1.13%"
"19.07.2016","52.36","52.20","52.63","52.09","3.33M","-0.46%"
"18.07.2016","52.60","52.05","52.74","51.79","3.93M","1.04%"
"15.07.2016","52.06","51.91","52.14","51.69","3.59M","0.50%"
"14.07.2016","51.80","51.68","52.20","51.45","4.91M","1.21%"
"13.07.2016","51.18","51.19","51.29","50.88","4.43M","0.45%"
"12.07.2016","50.95","50.25","51.36","50.22","7.15M","2.21%"
"11.07.2016","49.85","49.51","50.24","49.45","5.67M","0.91%"
"08.07.2016","49.40","48.77","49.61","48.09","9.44M","2.49%"
"07.07.2016","48.20","48.17","48.63","47.80","5.48M","0.17%"
"06.07.2016","48.12","48.27","48.38","47.51","8.84M","-1.31%"
"05.07.2016","48.76","49.27","49.45","48.71","8.16M","-1.57%"
"01.07.2016","49.54","49.67","50.16","49.45","9.70M","-0.34%"
"30.06.2016","49.71","49.44","50.00","49.18","11.19M","0.63%"
"29.06.2016","49.40","49.06","49.77","48.93","10.54M","1.86%"
"28.06.2016","48.50","49.99","50.08","47.75","14.08M","-2.94%"
"27.06.2016","49.97","51.06","51.27","49.52","12.26M","-3.10%"
"24.06.2016","51.57","51.90","52.54","51.38","15.29M","-3.93%"
"23.06.2016","53.68","53.75","53.94","53.50","7.60M","0.86%"
"22.06.2016","53.22","53.38","53.59","53.15","4.96M","-0.09%"
"21.06.2016","53.27","53.24","53.53","53.04","6.38M","0.38%"
"20.06.2016","53.07","53.30","53.94","53.07","9.54M","0.26%"
"17.06.2016","52.93","52.21","52.94","52.08","8.38M","1.42%"
"16.06.2016","52.19","51.65","52.26","51.30","7.23M","0.64%"
"15.06.2016","51.86","52.12","52.38","51.71","6.42M","-0.52%"
"14.06.2016","52.13","52.60","52.78","51.67","7.62M","-1.06%"
"13.06.2016","52.69","53.02","53.33","52.60","5.51M","-1.29%"
"10.06.2016","53.38","53.35","53.69","53.12","7.43M","-0.39%"
"09.06.2016","53.59","53.25","53.68","52.90","6.39M","-0.17%"
"08.06.2016","53.68","53.74","53.83","53.41","10.49M","-0.04%"
"07.06.2016","53.70","53.81","53.87","53.63","6.73M","0.13%"
"06.06.2016","53.63","53.30","53.88","53.28","9.33M","0.88%"
"03.06.2016","53.16","52.32","53.25","52.13","9.67M","1.76%"
"02.06.2016","52.24","51.51","52.25","51.08","7.96M","1.28%"
"01.06.2016","51.58","51.07","51.70","50.63","5.08M","0.43%"
"31.05.2016","51.36","52.12","52.17","51.09","7.40M","-1.57%"
"27.05.2016","52.18","51.73","52.34","51.67","4.79M","0.37%"
"26.05.2016","51.99","53.06","53.11","51.90","5.11M","-1.65%"
"25.05.2016","52.86","52.91","53.51","52.83","9.80M","0.08%"
"24.05.2016","52.82","52.53","52.91","52.46","6.86M","1.07%"
"23.05.2016","52.26","51.26","52.56","51.17","7.93M","1.75%"
"20.05.2016","51.36","51.03","51.73","50.95","5.49M","1.16%"
"19.05.2016","50.77","50.35","50.78","50.01","6.39M","-0.08%"
"18.05.2016","50.81","51.23","51.73","50.49","5.23M","-1.36%"
"17.05.2016","51.51","51.44","52.15","51.38","5.41M","-0.17%"
"16.05.2016","51.60","50.63","51.63","50.60","5.15M","2.08%"
"13.05.2016","50.55","51.46","51.61","50.38","5.00M","-1.92%"
"12.05.2016","51.54","51.96","52.08","51.20","4.85M","0.57%"
"11.05.2016","51.25","51.66","51.80","51.12","3.60M","-0.56%"
"10.05.2016","51.54","51.43","51.70","51.07","3.18M","1.38%"
"09.05.2016","50.84","51.05","51.15","50.69","3.96M","-0.63%"
"06.05.2016","51.16","50.75","51.25","50.70","4.26M","0.61%"
"05.05.2016","50.85","51.69","51.98","50.70","4.83M","-1.05%"
"04.05.2016","51.39","51.09","51.62","50.93","6.20M","-0.73%"
"03.05.2016","51.77","51.93","52.18","51.48","6.42M","-1.67%"
"02.05.2016","52.65","52.88","52.96","52.35","10.94M","0.08%"
"29.04.2016","52.61","53.51","53.69","52.28","7.16M","-1.52%"
"28.04.2016","53.42","53.06","53.87","52.44","9.12M","-0.34%"
"27.04.2016","53.60","53.55","53.98","53.23","7.15M","-0.13%"
"26.04.2016","53.67","53.00","53.88","52.97","7.77M","2.15%"
"25.04.2016","52.54","52.41","52.54","51.64","7.15M","-0.13%"
"22.04.2016","52.61","52.36","52.82","52.26","5.41M","1.21%"
"21.04.2016","51.98","52.20","52.55","51.70","5.90M","0.08%"
"20.04.2016","51.94","53.33","53.35","51.93","8.87M","-2.09%"
"19.04.2016","53.05","52.86","53.33","52.79","6.32M","0.97%"
"18.04.2016","52.54","52.05","52.55","51.77","7.50M","0.32%"
"15.04.2016","52.37","52.56","52.59","51.97","4.43M","0.02%"
"14.04.2016","52.36","52.30","52.75","52.11","5.30M","0.29%"
"13.04.2016","52.21","51.98","52.35","51.84","5.70M","1.14%"
"12.04.2016","51.62","50.92","51.67","50.82","5.16M","1.69%"
"11.04.2016","50.76","50.94","51.24","50.64","3.57M","-0.02%"
"08.04.2016","50.77","51.01","51.25","50.54","4.11M","0.65%"
"07.04.2016","50.44","50.47","50.63","50.10","5.83M","-0.96%"
"06.04.2016","50.93","50.74","51.09","50.08","6.35M","0.37%"
"05.04.2016","50.74","50.69","51.28","50.63","4.54M","-0.65%"
"04.04.2016","51.07","50.87","51.23","50.69","4.85M","-0.14%"
"01.04.2016","51.14","50.39","51.31","50.04","6.04M","0.55%"
"31.03.2016","50.86","51.69","51.70","50.54","5.61M","-1.20%"
"30.03.2016","51.48","51.44","51.65","51.22","5.18M","0.70%"
"29.03.2016","51.12","50.82","51.24","50.31","6.51M","-0.85%"
"28.03.2016","51.56","51.67","51.86","51.45","5.10M","0.47%"
"24.03.2016","51.32","50.85","51.33","50.51","5.25M","0.27%"
"23.03.2016","51.18","51.17","51.62","51.05","4.29M","-0.14%"
"22.03.2016","51.25","51.11","51.54","50.93","5.73M","-0.56%"
"21.03.2016","51.54","51.51","51.70","50.66","7.12M","-0.23%"
"18.03.2016","51.66","51.61","52.23","51.47","10.13M","0.51%"
"17.03.2016","51.40","50.69","51.48","50.60","5.84M","1.46%"
"16.03.2016","50.66","50.08","50.83","49.80","4.87M","0.94%"
"15.03.2016","50.19","49.92","50.21","49.71","5.66M","-0.18%"
"14.03.2016","50.28","50.21","50.67","50.16","4.18M","-0.67%"
"11.03.2016","50.62","49.58","50.81","49.58","6.91M","3.03%"
"10.03.2016","49.13","49.35","49.83","48.66","5.40M","0.14%"
"09.03.2016","49.06","49.12","49.45","48.90","3.50M","0.47%"
"08.03.2016","48.83","49.39","49.63","48.45","9.62M","-1.87%"
"07.03.2016","49.76","49.96","50.44","49.49","10.75M","-1.05%"
"04.03.2016","50.29","49.60","50.59","49.16","7.75M","1.39%"
"03.03.2016","49.60","49.66","49.93","49.22","4.78M","-0.04%"
"02.03.2016","49.62","49.55","50.00","48.95","6.97M","-0.90%"
"01.03.2016","50.07","49.19","50.11","49.05","7.30M","3.00%"
"29.02.2016","48.61","48.63","49.74","48.51","8.73M","-0.27%"
"26.02.2016","48.74","48.46","49.06","48.32","5.65M","1.33%"
"25.02.2016","48.10","47.34","48.10","46.96","5.37M","1.93%"
"24.02.2016","47.19","46.40","47.23","46.18","6.20M","0.45%"
"23.02.2016","46.98","47.60","47.60","46.61","6.33M","-1.90%"
"22.02.2016","47.89","47.57","48.34","47.51","7.76M","1.72%"
"19.02.2016","47.08","47.41","47.46","46.99","5.29M","-1.03%"
"18.02.2016","47.57","47.92","48.03","47.41","5.35M","-0.88%"
"17.02.2016","47.99","47.10","48.12","46.95","10.45M","2.48%"
"16.02.2016","46.83","46.19","46.88","45.99","6.57M","1.78%"
"12.02.2016","46.01","45.28","46.10","44.89","7.19M","2.70%"
"11.02.2016","44.80","45.16","45.83","44.40","10.77M","-2.95%"
"10.02.2016","46.16","46.76","47.19","45.98","10.29M","-0.94%"
"09.02.2016","46.60","45.71","47.20","45.71","8.20M","0.80%"
"08.02.2016","46.23","46.46","46.94","45.20","13.51M","-0.99%"
"05.02.2016","46.69","47.48","47.50","46.41","8.03M","-1.48%"
"04.02.2016","47.39","46.93","47.64","46.73","13.18M","1.39%"
"03.02.2016","46.74","45.73","47.05","45.70","16.75M","3.80%"
"02.02.2016","45.03","44.14","45.18","42.82","16.41M","5.75%"
"01.02.2016","42.58","41.58","42.77","41.22","8.72M","1.38%"
"29.01.2016","42.00","41.83","42.00","40.69","13.44M","1.08%"
"28.01.2016","41.55","42.00","42.14","40.70","7.85M","0.34%"
"27.01.2016","41.41","42.59","43.03","41.39","7.86M","-2.47%"
"26.01.2016","42.46","42.35","42.76","41.41","6.99M","0.66%"
"25.01.2016","42.18","42.85","43.28","42.09","7.31M","-2.41%"
"22.01.2016","43.22","43.07","44.14","42.41","9.87M","2.90%"
"21.01.2016","42.00","41.35","42.14","40.76","9.42M","1.65%"
"20.01.2016","41.32","41.58","41.74","40.26","14.89M","-1.78%"
"19.01.2016","42.07","43.48","43.57","41.65","10.55M","-2.07%"
"15.01.2016","42.96","42.86","43.62","42.20","9.96M","-2.89%"
"14.01.2016","44.24","43.66","44.70","43.04","14.20M","1.40%"
"13.01.2016","43.63","45.22","45.26","43.53","9.18M","-2.59%"
"12.01.2016","44.79","45.95","45.96","44.57","9.81M","-1.34%"
"11.01.2016","45.40","46.36","46.51","44.80","10.18M","-1.90%"
"08.01.2016","46.28","47.06","47.60","46.15","9.71M","-0.77%"
"07.01.2016","46.64","47.59","47.97","46.23","12.24M","-3.76%"
"06.01.2016","48.46","48.98","48.99","48.15","12.78M","-2.20%"
"05.01.2016","49.55","50.18","50.18","49.09","8.76M","-0.76%"
"04.01.2016","49.93","50.27","50.46","49.39","12.24M","-3.01%"
"31.12.2015","51.48","51.61","52.02","51.28","4.67M","-0.35%"
"30.12.2015","51.66","52.45","52.56","51.33","9.72M","-2.14%"
"29.12.2015","52.79","51.72","53.03","51.72","5.77M","1.07%"
"28.12.2015","52.23","52.07","52.28","51.74","6.82M","-0.15%"
"24.12.2015","52.31","52.66","52.75","52.25","3.17M","-0.42%"
"23.12.2015","52.53","52.03","52.65","51.66","6.56M","2.00%"
"22.12.2015","51.50","51.27","52.09","50.96","9.73M","1.04%"
"21.12.2015","50.97","49.91","50.97","49.40","19.46M","2.70%"
"18.12.2015","49.63","50.25","50.55","49.49","19.35M","-1.23%"
"17.12.2015","50.25","50.89","51.36","50.19","12.86M","-0.93%"
"16.12.2015","50.72","50.98","51.02","49.01","20.48M","0.30%"
"15.12.2015","50.57","51.75","52.01","50.42","14.00M","-1.40%"
"14.12.2015","51.29","52.44","52.85","50.64","22.24M","-3.90%"
"11.12.2015","53.37","52.38","53.97","51.76","28.48M","-2.80%"
"10.12.2015","54.91","56.28","56.58","54.34","26.74M","-3.62%"
"09.12.2015","56.97","55.71","57.10","55.16","63.20M","11.93%"
"08.12.2015","50.90","51.19","51.92","50.22","9.93M","-2.17%"
"07.12.2015","52.03","53.00","53.00","51.65","7.59M","-2.40%"
"04.12.2015","53.31","51.95","53.44","51.84","10.23M","2.80%"
"03.12.2015","51.86","52.53","52.85","51.54","6.41M","-0.82%"
"02.12.2015","52.29","53.02","53.52","51.96","8.81M","-2.12%"
"01.12.2015","53.42","52.63","53.50","52.06","15.38M","2.47%"
"30.11.2015","52.13","52.02","52.63","51.94","9.54M","0.23%"
"27.11.2015","52.01","51.77","52.23","51.63","2.64M","0.17%"
"25.11.2015","51.92","53.26","53.38","50.93","14.48M","-2.74%"
"24.11.2015","53.38","52.45","53.67","52.45","7.92M","0.72%"
"23.11.2015","53.00","53.17","53.56","52.95","6.46M","-0.60%"
"20.11.2015","53.32","53.39","53.63","53.16","6.83M","0.00%"
"19.11.2015","53.32","53.00","53.56","52.92","11.88M","0.30%"
"18.11.2015","53.16","51.67","53.28","51.67","10.80M","2.92%"
"17.11.2015","51.65","51.79","52.21","51.33","6.85M","0.00%"
"16.11.2015","51.65","50.99","51.77","50.97","5.41M","1.00%"
"13.11.2015","51.14","50.49","51.27","50.05","7.39M","1.41%"
"12.11.2015","50.43","51.06","51.43","50.38","9.73M","-2.46%"
"11.11.2015","51.70","51.75","52.04","51.58","6.51M","-0.02%"
"10.11.2015","51.71","51.53","51.99","51.24","9.71M","0.02%"
"09.11.2015","51.70","51.69","51.99","51.38","7.57M","-0.27%"
"06.11.2015","51.84","51.28","52.24","51.26","7.04M","0.45%"
"05.11.2015","51.61","51.35","51.81","51.06","9.40M","0.45%"
"04.11.2015","51.38","51.98","52.16","51.33","13.20M","-1.15%"
"03.11.2015","51.98","51.39","52.49","51.16","10.32M","0.76%"
"02.11.2015","51.59","51.57","51.87","51.40","10.74M","-0.15%"
"30.10.2015","51.67","51.13","52.06","50.70","12.24M","1.51%"
"29.10.2015","50.90","50.99","51.40","50.59","11.31M","-0.91%"
"28.10.2015","51.37","50.95","51.92","50.57","15.16M","1.34%"
"27.10.2015","50.69","50.13","50.76","50.11","11.73M","0.48%"
"26.10.2015","50.45","50.23","50.75","50.06","9.92M","0.26%"
"23.10.2015","50.32","50.68","51.45","50.26","16.66M","0.80%"
"22.10.2015","49.92","50.08","51.49","48.82","26.71M","5.14%"
"21.10.2015","47.48","47.70","48.18","47.37","7.93M","-0.44%"
"20.10.2015","47.69","47.39","48.12","47.27","8.66M","0.63%"
"19.10.2015","47.39","47.13","47.47","46.93","5.27M","-0.48%"
"16.10.2015","47.62","47.77","47.80","47.17","5.72M","0.08%"
"15.10.2015","47.58","47.38","47.62","46.63","5.83M","1.00%"
"14.10.2015","47.11","46.43","47.44","46.20","9.35M","1.29%"
"13.10.2015","46.51","46.10","46.82","46.04","7.32M","-0.19%"
"12.10.2015","46.60","46.93","46.97","46.19","8.91M","-1.02%"
"09.10.2015","47.08","47.97","48.12","46.81","13.87M","-1.49%"
"08.10.2015","47.79","47.30","48.08","47.28","9.53M","0.63%"
"07.10.2015","47.49","47.35","47.86","46.63","32.90M","0.87%"
"06.10.2015","47.08","46.45","47.76","46.20","19.01M","1.66%"
"05.10.2015","46.31","44.64","46.53","44.64","79.85M","4.18%"
"02.10.2015","44.45","42.69","44.49","42.16","17.26M","3.42%"
"01.10.2015","42.98","42.59","43.16","42.15","13.74M","1.37%"
"30.09.2015","42.40","41.12","42.60","41.12","35.89M","4.54%"
"29.09.2015","40.56","40.31","40.63","39.84","16.02M","1.35%"
"28.09.2015","40.02","41.53","41.57","39.91","28.27M","-5.43%"
"25.09.2015","42.32","43.05","43.09","42.05","16.18M","-0.40%"
"24.09.2015","42.49","42.17","42.70","41.19","21.69M","-0.21%"
"23.09.2015","42.58","43.65","43.77","42.50","13.85M","-2.34%"
"22.09.2015","43.60","43.28","43.67","43.06","20.78M","-0.95%"
"21.09.2015","44.02","43.70","44.34","43.56","21.44M","1.64%"
"18.09.2015","43.31","43.70","44.01","43.01","26.42M","-2.06%"
"17.09.2015","44.22","44.77","45.30","44.07","14.41M","-1.69%"
"16.09.2015","44.98","43.70","45.04","43.65","12.89M","3.14%"
"15.09.2015","43.61","43.10","43.91","43.10","17.32M","1.23%"
"14.09.2015","43.08","43.70","43.75","43.00","13.73M","-1.60%"
"11.09.2015","43.78","43.35","43.80","43.05","16.42M","0.05%"
"10.09.2015","43.76","43.58","44.22","43.42","11.59M","-0.07%"
"09.09.2015","43.79","44.87","45.28","43.65","16.76M","-0.68%"
"08.09.2015","44.09","42.98","44.17","42.90","19.52M","4.78%"
"04.09.2015","42.08","41.87","42.50","41.73","10.93M","-1.75%"
"03.09.2015","42.83","42.83","43.30","42.49","29.29M","1.04%"
"02.09.2015","42.39","42.52","42.80","41.90","25.13M","1.75%"
"01.09.2015","41.66","42.33","42.78","41.30","10.86M","-4.80%"
"31.08.2015","43.76","43.62","44.09","42.63","6.99M","-0.55%"
"28.08.2015","44.00","43.47","44.56","43.22","9.53M","0.92%"
"27.08.2015","43.60","42.21","44.04","42.17","13.08M","6.21%"
"26.08.2015","41.05","40.45","41.18","39.97","12.87M","4.21%"
"25.08.2015","39.39","43.13","43.20","39.35","11.00M","-2.38%"
"24.08.2015","40.35","39.69","42.04","35.11","14.41M","-5.33%"
"21.08.2015","42.62","43.26","43.53","42.60","10.27M","-2.40%"
"20.08.2015","43.67","43.89","44.30","43.61","7.47M","-1.04%"
"19.08.2015","44.13","44.42","44.52","43.69","7.14M","-1.39%"
"18.08.2015","44.75","45.19","45.36","44.46","8.19M","-1.58%"
"17.08.2015","45.47","44.67","45.54","44.28","6.57M","1.27%"
"14.08.2015","44.90","45.11","45.17","44.59","5.99M","-0.16%"
"13.08.2015","44.97","45.61","45.64","44.84","7.92M","-1.60%"
"12.08.2015","45.70","45.09","45.92","44.87","9.66M","0.91%"
"11.08.2015","45.29","45.74","45.78","45.04","9.52M","-2.89%"
"10.08.2015","46.64","45.98","46.74","45.61","6.86M","2.51%"
"07.08.2015","45.50","46.30","46.63","45.37","6.69M","-2.36%"
"06.08.2015","46.60","47.04","47.35","46.53","6.65M","-1.12%"
"05.08.2015","47.13","47.28","47.58","46.85","5.03M","0.94%"
"04.08.2015","46.69","46.61","47.25","46.44","6.75M","0.50%"
"03.08.2015","46.46","46.81","46.87","46.02","7.44M","-1.27%"
"31.07.2015","47.06","47.69","47.80","46.94","8.47M","-0.76%"
"30.07.2015","47.42","47.56","47.59","47.17","9.11M","-0.02%"
"29.07.2015","47.43","46.93","47.54","46.68","7.93M","1.67%"
"28.07.2015","46.65","45.84","46.99","45.26","9.99M","2.24%"
"27.07.2015","45.63","45.51","46.38","44.94","12.81M","-0.74%"
"24.07.2015","45.97","47.99","48.07","45.32","16.28M","-3.75%"
"23.07.2015","47.76","49.46","50.06","47.10","20.22M","-4.48%"
"22.07.2015","50.00","50.09","50.18","49.51","9.84M","-0.20%"
"21.07.2015","50.10","50.51","51.09","49.76","8.28M","-0.83%"
"20.07.2015","50.52","51.11","51.29","50.32","7.07M","-1.27%"
"17.07.2015","51.17","52.03","52.03","50.87","8.60M","-2.03%"
"16.07.2015","52.23","52.34","52.60","52.02","5.30M","0.25%"
"15.07.2015","52.10","52.82","52.91","52.03","6.81M","-1.77%"
"14.07.2015","53.04","51.98","53.20","51.80","7.09M","2.12%"
"13.07.2015","51.94","51.70","52.13","51.46","5.99M","1.03%"
"10.07.2015","51.41","51.04","51.53","50.26","8.61M","2.29%"
"09.07.2015","50.26","50.46","50.74","50.12","8.29M","1.49%"
"08.07.2015","49.52","50.18","50.42","49.32","7.87M","-2.60%"
"07.07.2015","50.84","50.54","51.07","49.06","13.84M","0.53%"
"06.07.2015","50.57","50.77","51.25","50.39","7.40M","-1.58%"
"02.07.2015","51.38","51.61","51.65","50.92","5.33M","-0.02%"
"01.07.2015","51.39","51.66","51.94","51.26","5.89M","0.43%"
"30.06.2015","51.17","51.33","51.63","50.92","6.91M","0.75%"
"29.06.2015","50.79","51.85","52.08","50.70","9.69M","-3.57%"
"26.06.2015","52.67","52.74","52.85","52.47","6.40M","-1.03%"
"25.06.2015","53.22","53.19","53.39","52.93","5.45M","0.23%"
"24.06.2015","53.10","53.40","53.46","52.79","5.80M","-0.88%"
"23.06.2015","53.57","53.41","53.69","53.32","8.56M","0.24%"
"22.06.2015","53.44","53.59","53.77","53.27","6.45M","0.30%"
"19.06.2015","53.28","53.60","53.74","53.27","8.98M","-0.58%"
"18.06.2015","53.59","53.37","53.77","53.24","12.86M","0.45%"
"17.06.2015","53.35","52.82","53.53","52.71","13.69M","1.45%"
"16.06.2015","52.59","52.00","52.65","51.64","9.46M","1.41%"
"15.06.2015","51.86","51.55","51.97","51.18","5.89M","0.04%"
"12.06.2015","51.84","52.08","52.14","51.61","4.53M","-0.61%"
"11.06.2015","52.16","52.07","52.44","51.90","5.08M","0.33%"
"10.06.2015","51.99","51.90","52.28","51.86","9.57M","0.91%"
"09.06.2015","51.52","51.56","51.87","51.34","4.72M","0.23%"
"08.06.2015","51.40","52.10","52.10","51.32","7.46M","-1.29%"
"05.06.2015","52.07","52.65","52.82","51.94","8.14M","-1.85%"
"04.06.2015","53.05","52.60","53.39","51.70","21.24M","0.08%"
"03.06.2015","53.01","52.73","53.38","52.61","7.07M","0.68%"
"02.06.2015","52.65","51.90","52.71","51.84","7.18M","0.75%"
"01.06.2015","52.26","52.07","52.34","51.48","9.79M","0.36%"
"29.05.2015","52.07","51.59","52.23","51.26","10.73M","0.97%"
"28.05.2015","51.57","51.21","51.64","51.01","5.24M","0.72%"
"27.05.2015","51.20","50.60","51.29","50.49","9.46M","1.15%"
"26.05.2015","50.62","50.98","51.20","50.27","6.55M","-1.31%"
"22.05.2015","51.29","51.16","51.41","50.95","2.95M","-0.18%"
"21.05.2015","51.38","51.07","51.64","50.86","4.26M","0.67%"
"20.05.2015","51.04","50.86","51.41","50.72","5.27M","0.61%"
"19.05.2015","50.73","50.93","51.00","50.45","6.20M","-0.53%"
"18.05.2015","51.00","51.51","51.59","50.98","4.74M","-0.99%"
"15.05.2015","51.51","51.15","51.52","50.77","4.10M","0.53%"
"14.05.2015","51.24","51.11","51.38","50.94","5.06M","1.01%"
"13.05.2015","50.73","50.96","51.15","50.54","5.90M","-0.43%"
"12.05.2015","50.95","51.52","51.59","50.85","6.56M","-1.83%"
"11.05.2015","51.90","51.82","51.98","51.44","8.66M","0.10%"
"08.05.2015","51.85","51.21","51.94","51.21","8.13M","2.39%"
"07.05.2015","50.64","50.68","50.77","50.30","5.80M","-0.47%"
"06.05.2015","50.88","51.73","51.91","50.54","8.73M","-0.92%"
"05.05.2015","51.35","51.85","52.35","51.19","7.01M","-0.58%"
"04.05.2015","51.65","51.84","51.95","51.59","4.09M","-0.08%"
"01.05.2015","51.69","51.26","51.82","51.17","6.37M","1.35%"
"30.04.2015","51.00","51.54","51.67","50.88","7.07M","-1.18%"
"29.04.2015","51.61","51.29","51.92","51.13","7.48M","-0.41%"
"28.04.2015","51.82","51.31","51.84","50.76","8.00M","0.68%"
"27.04.2015","51.47","51.40","51.90","51.20","7.51M","0.68%"
"24.04.2015","51.12","51.15","51.43","50.69","7.53M","0.24%"
"23.04.2015","51.00","50.85","51.40","50.11","12.44M","1.96%"
"22.04.2015","50.02","49.50","50.26","49.21","9.82M","0.75%"
"21.04.2015","49.65","50.09","50.18","49.22","7.85M","-0.88%"
"20.04.2015","50.09","49.90","50.20","49.70","8.49M","0.87%"
"17.04.2015","49.66","49.62","49.91","49.33","6.09M","-0.18%"
"16.04.2015","49.75","49.89","50.09","49.32","8.36M","-0.72%"
"15.04.2015","50.11","48.99","50.43","48.99","14.22M","2.62%"
"14.04.2015","48.83","48.41","48.99","48.35","5.31M","1.16%"
"13.04.2015","48.27","48.56","48.58","48.19","5.36M","-0.25%"
"10.04.2015","48.39","48.79","48.99","48.35","6.92M","-0.72%"
"09.04.2015","48.74","48.37","49.12","48.37","6.17M","0.76%"
"08.04.2015","48.37","48.52","48.84","48.21","5.60M","-0.31%"
"07.04.2015","48.52","48.58","49.10","48.44","8.28M","-0.33%"
"06.04.2015","48.68","48.22","49.22","48.01","7.49M","0.91%"
"02.04.2015","48.24","47.61","48.39","47.53","6.06M","0.71%"
"01.04.2015","47.90","48.03","48.10","47.21","6.86M","-0.17%"
"31.03.2015","47.98","48.66","48.66","47.86","8.17M","-1.44%"
"30.03.2015","48.68","49.00","49.25","48.51","11.28M","1.93%"
"27.03.2015","47.76","48.41","48.84","47.73","19.92M","1.92%"
"26.03.2015","46.86","46.73","47.33","46.62","7.53M","0.06%"
"25.03.2015","46.83","47.49","47.74","46.82","7.08M","-0.80%"
"24.03.2015","47.21","47.10","47.46","46.74","5.64M","-0.04%"
"23.03.2015","47.23","47.27","47.50","47.10","5.44M","-0.13%"
"20.03.2015","47.29","46.76","47.58","46.56","12.34M","1.20%"
"19.03.2015","46.73","47.07","47.18","46.50","6.60M","-1.70%"
"18.03.2015","47.54","46.29","48.04","45.93","8.78M","1.95%"
"17.03.2015","46.63","46.75","46.85","46.25","6.36M","-0.85%"
"16.03.2015","47.03","47.00","47.09","46.38","7.61M","-0.04%"
"13.03.2015","47.05","47.15","47.22","46.72","6.90M","-0.86%"
"12.03.2015","47.46","47.03","47.64","46.88","7.36M","1.45%"
"11.03.2015","46.78","47.09","47.42","46.70","7.31M","-0.70%"
"10.03.2015","47.11","47.37","47.65","46.85","9.12M","-1.71%"
"09.03.2015","47.93","48.05","48.38","47.84","9.57M","-0.02%"
"06.03.2015","47.94","49.41","49.41","47.76","12.68M","-1.94%"
"05.03.2015","48.89","49.79","49.87","48.71","7.88M","-1.37%"
"04.03.2015","49.57","49.11","50.13","48.85","10.63M","0.65%"
"03.03.2015","49.25","49.13","49.49","48.92","4.91M","-0.20%"
"02.03.2015","49.35","49.14","49.45","48.90","5.75M","0.22%"
"27.02.2015","49.24","49.24","49.66","49.10","6.66M","-0.02%"
"26.02.2015","49.25","49.60","49.85","49.03","7.22M","-1.20%"
"25.02.2015","49.85","49.85","50.14","49.58","5.13M","0.08%"
"24.02.2015","49.81","49.70","50.22","49.60","12.41M","0.65%"
"23.02.2015","49.49","49.20","49.72","49.11","7.76M","-0.08%"
"20.02.2015","49.53","49.56","49.81","48.96","6.07M","-0.30%"
"19.02.2015","49.68","48.91","49.88","48.70","7.61M","0.55%"
"18.02.2015","49.41","49.12","49.70","48.98","6.10M","-0.32%"
"17.02.2015","49.57","48.51","49.75","48.51","9.01M","0.26%"
"13.02.2015","49.44","49.06","49.81","48.95","8.25M","0.59%"
"12.02.2015","49.15","48.55","49.46","48.39","7.00M","2.23%"
"11.02.2015","48.08","48.21","48.40","47.77","6.28M","-0.87%"
"10.02.2015","48.50","48.50","48.63","47.97","6.27M","0.50%"
"09.02.2015","48.26","48.21","48.87","48.20","9.20M","-0.29%"
"06.02.2015","48.40","48.02","48.50","47.85","8.66M","1.26%"
"05.02.2015","47.80","46.59","48.02","46.47","15.84M","3.42%"
"04.02.2015","46.22","46.53","46.66","46.00","6.62M","-1.43%"
"03.02.2015","46.89","45.88","47.05","45.77","10.55M","3.69%"
"02.02.2015","45.22","45.32","45.67","44.42","7.87M","0.13%"
"30.01.2015","45.16","44.48","45.72","44.14","12.22M","0.33%"
"29.01.2015","45.01","44.07","45.34","43.11","17.68M","4.60%"
"28.01.2015","43.03","44.24","44.47","42.91","11.39M","-2.58%"
"27.01.2015","44.17","43.80","44.65","43.31","7.02M","-0.88%"
"26.01.2015","44.56","44.43","44.59","43.92","11.89M","-0.02%"
"23.01.2015","44.57","45.15","45.33","44.56","7.29M","-1.74%"
"22.01.2015","45.36","44.98","45.47","44.39","6.23M","1.39%"
"21.01.2015","44.74","43.95","44.78","43.65","7.00M","1.38%"
"20.01.2015","44.13","45.00","45.03","43.68","8.80M","-1.47%"
"16.01.2015","44.79","43.26","44.83","43.25","9.94M","3.42%"
"15.01.2015","43.31","43.80","44.26","43.26","7.72M","-0.28%"
"14.01.2015","43.43","43.00","43.74","41.95","12.86M","-0.41%"
"13.01.2015","43.61","44.52","44.79","43.11","10.74M","-1.22%"
"12.01.2015","44.15","44.38","44.50","43.31","8.21M","-0.59%"
"09.01.2015","44.41","44.83","45.00","44.00","6.43M","-0.16%"
"08.01.2015","44.48","44.12","44.86","43.85","12.18M","2.49%"
"07.01.2015","43.40","44.05","44.15","43.24","9.13M","-0.16%"
"06.01.2015","43.47","44.22","44.30","42.98","11.53M","-1.61%"
"05.01.2015","44.18","45.14","45.24","43.96","12.12M","-3.09%"
"02.01.2015","45.59","45.69","46.04","45.28","6.09M","-0.04%"