date,bitcoin_var,dow_var,euro_stoxx50_var,nasdaq_var,nikkei_var,oro_var,petroleo_var,shangai_stock_exchange_var,sp_500_var
2021-01-01,1.42,0.05,-0.53,2.0,-0.45,0.34,0.25,2.17,0.64
2020-12-31,0.28,2.1,-0.27,0.77,2.66,0.09,0.83,1.23,0.13
2020-12-30,5.45,0.07,0.17,0.23,0.74,0.56,0.8,-0.29,-0.22
2020-12-29,1.18,-0.91,0.91,0.18,-0.04,0.13,-1.26,0.31,0.87
2020-12-28,3.03,0.07,0.11,0.52,0.54,-0.15,0.23,1.0,0.35
2020-12-27,-0.73,0.15,1.19,-1.5,0.33,0.27,2.34,-0.32,0.07
2020-12-26,7.15,-0.74,1.42,1.44,-1.04,0.42,-1.51,0.81,-0.21
2020-12-25,4.02,-1.04,-2.74,-0.43,-0.18,-0.66,-2.77,-1.93,-0.39
2020-12-24,2.06,3.4,-0.42,0.08,-0.16,-0.32,1.53,0.63,-0.35
2020-12-23,-2.37,0.0,0.5,1.1,0.18,-0.08,1.13,-0.55,0.58
2020-12-22,4.82,-0.55,0.61,-0.15,0.26,1.68,0.42,1.67,0.18
2020-12-21,-3.18,2.02,0.5,2.62,-0.17,0.2,1.34,0.2,1.29
2020-12-20,-1.55,-1.74,0.52,-1.3,0.3,1.27,0.9,0.0,-0.44
2020-12-19,3.1,-0.79,-1.04,0.54,-0.39,-0.62,-0.45,0.79,-0.13
2020-12-18,1.33,-0.42,-0.19,-0.88,-0.23,0.34,2.77,-0.93,-0.13
2020-12-17,6.9,0.2,0.09,-1.98,1.33,-0.06,-0.18,0.0,-0.79
2020-12-16,9.87,2.52,-0.12,0.07,-0.3,-1.94,-0.35,-0.92,0.28
2020-12-15,0.84,-3.34,-0.26,2.6,-0.76,0.48,-1.08,-0.27,-0.19
2020-12-14,0.51,2.71,0.63,0.32,-0.22,1.41,1.36,-1.15,0.88
2020-12-13,1.96,0.75,-0.12,-3.45,0.03,-0.06,0.8,0.22,-0.06
2020-12-12,4.36,-0.62,-0.11,-0.42,0.05,0.6,1.64,-0.17,0.18
2020-11-12,-1.23,0.98,0.94,1.5,1.34,0.62,-1.74,0.0,1.13
2020-10-12,-1.61,-4.31,-1.0,0.68,-0.79,2.13,-0.42,2.1,-0.46
2020-09-12,1.2,-1.83,0.48,-0.16,0.4,-0.4,1.22,-0.49,0.24
2020-08-12,-4.4,-2.25,-0.03,0.05,0.91,-1.05,-1.6,1.53,-0.16
2020-07-12,-1.08,3.2,0.11,1.0,0.5,-0.23,1.78,0.42,1.62
2020-06-12,1.22,2.21,1.3,-0.25,2.5,0.02,4.3,-1.15,0.56
2020-05-12,2.62,-1.1,-0.13,1.26,-0.42,-1.46,2.16,-0.56,-0.68
2020-04-12,-3.99,0.07,0.45,1.65,-0.36,-1.85,0.98,1.39,0.39
2020-03-12,1.12,1.51,-0.87,-1.29,-1.1,0.59,-0.19,0.22,-1.16
2020-02-12,2.39,1.02,0.39,-0.96,0.42,-0.66,0.94,0.85,-0.48
2020-01-12,-4.71,3.77,0.07,-0.23,2.05,-0.59,0.22,-1.38,1.16
2020-11-30,8.32,0.0,0.99,-0.81,-0.53,-0.14,3.02,0.0,1.36
2020-11-29,2.57,1.82,0.11,-2.27,0.68,0.08,-2.41,1.12,-1.0
2020-11-28,3.52,-2.24,-1.13,2.09,1.78,0.69,-0.8,-1.47,0.77
2020-11-27,-0.2,-2.34,0.72,-1.97,0.26,0.63,0.22,-0.25,-0.14
2020-11-26,-8.34,2.57,1.02,-2.64,2.12,-0.79,2.66,-0.29,1.17
2020-11-25,-2.24,8.07,6.36,-0.01,0.91,1.19,8.48,-0.41,-0.03
2020-11-24,4.21,-1.51,-0.36,3.02,1.73,-4.99,-4.25,2.01,1.95
2020-11-23,-0.18,5.43,1.72,3.51,1.72,0.25,-0.92,-0.2,2.2
2020-11-22,-1.47,-4.68,2.01,1.4,1.39,2.67,3.96,1.59,1.78
2020-11-21,0.06,1.9,2.62,1.81,-1.52,-0.74,2.31,0.48,1.23
2020-11-20,4.9,5.12,2.07,-0.84,-0.37,0.95,2.85,1.23,-1.21
2020-11-19,0.16,-1.64,-0.06,0.23,-0.29,0.67,-1.05,0.0,1.19
2020-11-18,0.64,2.37,-0.12,-2.69,-0.04,0.64,-3.26,-1.76,-3.53
2020-11-17,5.66,-2.98,-3.49,-1.79,-0.09,-0.6,-5.51,0.48,-0.3
2020-11-16,4.78,-1.23,-1.12,-1.35,0.18,-1.71,2.62,0.64,-1.86
2020-11-15,-0.73,-2.84,-2.93,-0.75,-0.7,0.33,-3.24,0.0,0.34
2020-11-14,-1.55,-0.59,0.87,-1.72,0.31,0.03,-1.94,-1.33,0.52
2020-11-13,0.18,0.56,-0.29,2.62,-0.44,0.03,1.52,-0.75,-0.22
2020-12-11,3.82,-1.6,-1.46,1.18,1.11,-1.29,-3.45,-0.22,0.47
2020-11-11,2.56,1.02,-0.45,-1.08,-0.41,0.74,1.54,0.25,-1.63
2020-10-11,-0.15,-0.93,-0.09,0.36,-0.51,0.19,-0.12,0.48,0.01
2020-09-11,-1.01,0.59,1.65,0.6,0.11,0.28,-0.2,-0.89,-0.15
2020-08-11,4.42,0.37,-2.46,1.0,0.18,-0.13,-0.19,0.0,-0.66
2020-07-11,-4.81,1.98,-0.18,0.0,-0.26,0.08,2.09,0.0,-0.63
2020-06-11,-0.06,-1.44,-0.57,1.06,-0.12,0.67,1.95,-0.57,1.64
2020-05-11,10.19,-1.58,0.76,0.37,0.96,-1.78,-2.88,-0.17,0.88
2020-04-11,0.9,-0.04,0.53,1.32,-0.05,0.14,-1.43,3.02,0.8
2020-03-11,3.38,2.24,0.69,-0.48,0.52,1.64,3.1,1.78,1.74
2020-02-11,-1.44,0.88,0.0,-1.04,1.23,0.23,-1.77,-0.33,-1.4
2020-01-11,-0.27,-1.44,0.41,1.08,-0.67,-0.94,3.7,-0.15,1.8
2020-10-31,1.75,2.68,0.92,-0.31,0.0,-0.59,5.86,0.39,-0.96
2020-10-30,0.76,2.6,-0.1,0.99,-1.5,0.66,-4.31,0.31,0.53
2020-10-29,1.34,-2.0,0.02,1.1,0.12,-0.45,-3.73,-1.78,0.83
2020-10-28,-2.77,1.03,-0.64,-3.18,1.32,1.1,2.37,0.25,-0.48
2020-10-27,4.56,-1.92,-0.28,1.08,0.51,-0.4,-3.23,-1.33,1.61
2020-10-26,0.23,3.13,2.75,2.25,-1.11,1.11,0.87,-1.04,1.6
2020-10-25,-0.65,-0.8,-0.71,1.31,-0.06,0.86,-0.15,2.68,0.3
2020-10-24,1.42,-0.71,-0.64,-2.91,0.18,-0.56,0.95,-0.89,-2.37
2020-10-23,-0.31,-2.22,0.51,1.04,-0.67,0.45,0.83,-0.35,1.05
2020-10-22,1.3,-0.23,0.1,-0.33,0.09,-2.05,0.74,0.46,-1.16
2020-10-21,7.51,-4.88,-3.74,-1.6,-0.44,-0.16,-4.38,0.71,-1.12
2020-10-20,1.36,-1.18,-0.99,-2.25,0.65,-2.62,0.34,0.59,-0.84
2020-10-19,2.14,2.56,-0.67,-0.67,0.74,0.63,2.02,0.26,-0.46
2020-10-18,1.27,-2.68,0.2,0.92,0.88,-1.05,4.91,-1.82,0.52
2020-10-17,0.35,1.96,0.47,1.03,-1.04,0.22,2.74,0.92,1.27
2020-10-16,-1.57,0.48,0.03,0.63,0.8,0.13,-0.19,-1.83,0.05
2020-10-15,0.72,2.36,0.09,-3.31,-0.5,0.81,0.08,-1.14,-1.76
2020-10-14,-0.03,-1.08,-0.36,2.17,-1.11,-0.83,-1.97,-0.44,2.01
2020-10-13,-0.95,2.71,1.76,-2.95,0.94,0.48,3.51,0.0,-2.78
2020-12-10,1.43,-1.38,-1.41,-2.23,0.47,0.6,-6.22,0.27,-0.81
2020-11-10,0.64,0.43,1.64,-2.93,-0.01,0.31,1.16,-0.32,-3.51
2020-10-10,2.21,-1.69,-1.32,1.82,1.12,-0.18,-2.56,2.21,1.54
2020-09-10,1.19,4.13,-1.01,0.3,-1.41,0.33,-3.87,0.76,0.75
2020-08-10,2.37,4.77,1.84,1.96,-0.35,-0.18,-0.34,-1.23,-0.22
2020-07-10,0.64,-2.02,0.15,-0.01,-0.03,-0.35,-2.92,0.0,0.67
2020-06-10,-1.73,-0.24,-1.3,-0.52,1.35,-1.73,0.35,0.33,0.17
2020-05-10,1.09,-0.39,-0.47,1.88,0.28,0.02,-0.84,0.84,1.02
2020-04-10,1.22,1.65,-0.77,-1.12,0.17,0.19,-0.16,-1.47,0.36
2020-03-10,-0.27,-1.15,0.81,1.28,-1.0,2.19,-0.81,-1.31,1.0
2020-02-10,-0.45,5.8,-0.06,-0.41,0.26,-1.02,0.09,0.0,0.34
2020-01-10,-1.44,-0.23,2.21,0.45,-0.2,1.53,1.71,2.11,0.32
2020-09-30,-0.6,-2.13,-0.43,-0.14,-0.83,-0.83,0.66,1.95,-0.44
2020-09-29,1.38,-0.16,-1.32,-0.2,0.17,-0.4,-0.56,-0.43,0.23
2020-09-28,-0.77,0.56,0.85,0.83,1.78,0.03,-0.82,-0.28,0.27
2020-09-27,0.45,-0.91,-0.49,-0.8,0.41,-1.21,0.09,-1.01,-0.02
2020-09-26,0.37,0.99,0.02,-0.11,1.88,-2.13,0.0,0.53,-0.2
2020-09-25,-0.47,0.34,-1.13,-0.04,-0.39,0.72,2.09,-0.85,1.4
2020-09-24,4.9,-0.49,-0.6,-0.81,-0.43,2.51,-0.54,0.18,-0.8
2020-09-23,-2.79,-0.67,0.93,-1.01,-0.26,-1.05,-1.01,-0.18,0.27
2020-09-22,1.1,5.09,2.22,1.66,1.7,1.1,2.55,0.48,0.06
2020-09-21,-4.62,1.38,0.22,0.26,2.24,0.14,-0.79,1.41,0.64
2020-09-20,-1.45,0.14,0.38,0.51,-2.82,-4.58,1.75,0.46,0.64
2020-09-19,1.36,1.62,-0.86,-0.5,-0.26,0.58,-1.74,-0.38,0.36
2020-09-18,-0.08,3.07,0.43,-0.73,-1.15,-2.0,-0.57,2.09,0.72
2020-09-17,-0.07,-2.36,0.19,1.09,-0.26,0.98,1.18,0.53,0.77
2020-09-16,1.52,-1.61,2.33,-0.85,-0.16,1.4,1.68,0.85,-0.38
2020-09-15,1.03,-4.11,-1.06,2.23,-0.58,1.75,1.84,-4.39,1.24
2020-09-14,3.38,2.11,-2.79,-1.82,0.73,0.02,0.88,0.0,-0.65
2020-09-13,-1.11,-3.14,-0.1,-0.02,0.09,0.97,-3.27,0.2,0.74
2020-12-09,0.5,3.26,0.02,-0.65,-0.32,-0.5,0.56,0.13,-0.62
2020-11-09,0.49,-0.49,-0.24,-2.01,-0.76,0.65,-1.35,2.96,-1.23
2020-10-09,1.13,-3.43,-1.8,2.36,1.59,0.43,0.75,0.0,0.57
2020-09-09,0.97,3.02,0.03,-0.22,-0.87,1.57,0.54,-3.73,0.17
2020-08-09,-2.41,1.75,-1.02,2.23,2.22,0.41,-1.98,-1.05,0.84
2020-07-09,0.78,-3.14,0.5,1.11,-1.06,1.31,-0.14,-1.13,0.28
2020-06-09,2.02,-0.37,0.68,0.15,0.4,1.23,2.82,1.45,-0.34
2020-05-09,-3.63,1.15,0.01,1.63,-0.78,1.6,0.54,-2.18,0.91
2020-04-09,2.99,2.1,-0.38,1.46,-0.44,0.35,-0.39,1.39,1.34
2020-03-09,-10.9,2.91,1.71,0.1,1.83,0.39,-1.09,1.23,-0.94
2020-02-09,-4.21,1.18,-0.85,1.72,0.72,-0.82,2.26,-2.66,1.05
2020-01-09,2.32,3.35,1.63,-0.74,0.11,0.01,0.47,9.91,-0.56
2020-08-31,-0.49,-2.26,1.07,1.02,-0.75,-0.12,-1.11,2.39,0.78
2020-08-30,2.04,-3.21,-0.76,-0.5,1.33,0.68,2.35,2.45,-1.08
2020-08-29,-0.51,-1.79,-1.07,0.85,-2.3,-0.12,-3.13,2.1,1.59
2020-08-28,1.77,2.07,-0.85,-0.58,1.13,-0.92,0.69,1.05,0.45
2020-08-27,-1.18,2.06,1.69,1.08,-1.22,0.89,-0.02,-0.78,0.5
2020-08-26,1.21,-0.02,-0.77,1.63,-0.07,1.0,0.87,0.76,1.54
2020-08-25,-3.65,-0.54,2.84,1.49,0.5,1.59,-0.91,0.41,1.47
2020-08-24,0.96,2.96,-0.17,-2.42,-0.18,-1.35,2.08,0.0,-2.42
2020-08-23,-0.17,-0.45,0.06,2.96,0.55,0.56,1.4,1.03,1.1
2020-08-22,1.15,3.98,0.87,-2.8,-0.45,-1.02,-1.08,0.65,-2.59
2020-08-21,-2.76,-7.01,-0.46,-0.93,-0.56,1.13,3.14,0.0,0.43
2020-08-20,0.91,-0.93,0.71,0.74,4.88,0.09,-0.59,1.57,0.65
2020-08-19,-1.65,0.22,-3.11,-0.39,-3.47,0.56,1.87,-1.43,-0.56
2020-08-18,-2.73,0.17,1.76,0.98,-0.75,-0.23,-5.85,0.0,0.06
2020-08-17,3.22,1.0,-0.84,-0.34,-2.82,-0.25,-0.22,-0.97,-0.36
2020-08-16,0.45,-2.56,0.59,0.99,0.15,0.86,1.79,-0.44,1.9
2020-08-15,0.8,0.64,-0.53,1.93,-0.38,0.74,2.34,0.62,0.83
2020-08-14,-0.17,1.82,0.76,1.68,1.37,1.18,2.32,0.24,1.31
2020-08-13,1.85,5.02,3.39,-5.63,0.74,-0.31,-1.09,0.63,-5.89
2020-12-08,1.46,-9.91,-0.55,-0.07,0.36,-0.06,3.39,-0.21,-0.53
2020-11-08,-4.19,-1.87,0.29,-1.0,1.29,0.54,2.37,0.0,-0.78
2020-10-08,1.78,-3.25,-4.53,1.17,1.19,-0.59,-0.22,0.3,1.2
2020-09-08,-0.71,4.39,-0.81,1.67,0.84,-0.14,-8.23,2.38,2.62
2020-08-08,1.49,2.95,-1.41,-1.18,-0.18,1.07,1.69,0.0,-0.34
2020-07-08,-1.4,2.59,-0.47,0.08,2.32,-0.07,1.96,0.18,1.36
2020-06-08,0.19,2.54,3.76,0.3,0.7,0.96,-3.44,-0.27,0.82
2020-05-08,4.92,5.15,-0.24,0.35,2.55,1.29,5.72,0.95,0.38
2020-04-08,-0.35,0.03,3.58,1.8,1.73,-2.55,0.32,0.28,0.48
2020-03-08,1.42,-0.28,3.48,1.02,-0.8,1.33,1.3,-2.29,-0.21
2020-02-08,-6.24,-2.79,-1.43,-0.94,-0.21,-1.5,3.87,-0.54,1.48
2020-01-08,4.14,2.66,1.42,0.81,0.79,-0.79,-0.14,-0.3,1.23
2020-07-31,2.14,7.39,1.73,1.18,1.49,-0.11,5.28,0.66,0.24
2020-07-30,-0.09,0.84,0.94,-0.63,0.48,1.32,2.74,0.54,-0.78
2020-07-29,1.81,-1.0,2.27,1.85,0.62,0.13,-4.48,-0.3,1.67
2020-07-28,-1.04,1.52,0.02,-2.01,-1.74,0.0,1.27,-1.13,-1.05
2020-07-27,10.98,-2.99,-1.27,2.55,-0.49,0.78,3.1,0.24,3.15
2020-07-26,2.35,9.48,1.37,2.37,-0.12,-0.21,-1.05,-0.45,0.39
2020-07-25,1.65,0.15,-0.32,0.54,1.05,-1.98,-1.98,0.0,1.15
2020-07-24,-0.55,3.59,5.1,0.36,2.56,0.87,1.28,1.02,-1.75
2020-07-23,0.9,-4.26,0.38,-0.68,0.28,-1.76,3.05,-0.63,-2.05
2020-07-22,1.35,-0.32,-1.79,1.53,-2.84,0.47,2.14,0.39,0.02
2020-07-21,2.46,-1.25,-2.55,0.24,2.14,0.73,8.12,1.43,1.69
2020-07-20,-0.5,4.51,0.02,1.61,-0.06,-1.02,6.79,0.31,1.15
2020-07-19,0.41,2.78,-0.84,-2.94,2.71,0.95,8.98,0.77,-0.7
2020-07-18,0.16,-4.23,0.96,2.54,-0.86,1.42,-1.9,0.37,0.9
2020-07-17,0.22,0.94,1.3,-0.46,1.52,0.54,6.79,-0.89,0.42
2020-07-16,-0.69,-2.56,-1.12,-2.78,-0.74,0.41,-2.43,0.0,-2.81
2020-07-15,-0.59,-7.52,2.11,-1.73,-1.97,-0.82,5.05,0.55,-0.92
2020-07-14,0.11,-2.08,-3.81,0.35,-1.15,-0.49,-1.83,-1.1,2.66
2020-07-13,-0.62,4.46,0.0,-0.38,3.15,2.31,-2.32,0.34,-0.52
2020-12-07,0.73,4.15,-2.27,5.68,-1.33,-1.37,20.45,0.93,1.47
2020-11-07,-0.56,3.99,2.18,1.71,-0.45,0.12,3.08,0.34,1.39
2020-10-07,0.53,1.72,1.73,-0.75,3.13,0.81,4.99,-0.58,-0.05
2020-09-07,-2.06,2.26,2.6,-0.61,-2.33,0.42,25.1,1.69,2.29
2020-08-07,1.88,3.11,-1.52,-4.11,0.79,-1.02,22.04,-0.53,-3.07
2020-07-07,-0.89,-2.06,0.62,-1.31,-0.04,-0.51,-3.44,-0.46,-1.79
2020-06-07,2.84,-5.66,1.56,2.71,2.13,-0.01,-24.56,0.25,2.68
2020-05-07,-0.58,5.66,-4.06,2.18,2.01,-0.59,2.67,-0.31,0.58
2020-04-07,0.74,-1.86,0.73,-1.45,4.24,-0.53,19.74,1.89,-2.2
2020-03-07,-0.2,-8.88,2.7,4.13,0.01,0.43,37.66,-0.69,3.06
2020-02-07,-1.57,0.4,0.15,-4.29,-1.37,3.04,-126.6,1.53,-1.01
2020-01-07,1.03,-3.64,-3.75,3.64,-4.5,-1.35,-305.97,-0.32,1.45
2020-06-30,-0.54,5.09,0.86,3.16,-0.88,0.74,-8.05,0.0,3.41
2020-06-29,0.67,7.61,1.46,-0.64,-1.57,-1.94,0.0,-0.66,-0.16
2020-06-28,1.28,5.86,-0.22,6.69,3.88,-0.48,-1.19,0.66,7.03
2020-06-27,-1.66,9.19,2.21,1.34,-4.51,-1.5,-10.26,-0.32,-1.51
2020-06-26,-0.95,-0.21,4.99,1.83,8.04,0.48,-1.54,2.16,2.28
2020-06-25,-0.59,3.66,-0.95,-2.82,7.13,1.27,-9.29,2.38,-4.41
2020-06-24,-3.35,-7.52,0.31,-4.52,2.02,-0.74,6.18,-2.82,-1.6
2020-06-23,-0.61,2.06,-3.83,7.18,-1.04,4.13,-9.39,1.86,3.35
2020-06-22,4.17,0.32,0.77,-1.11,-1.68,0.02,-7.97,-1.61,-3.37
2020-06-21,-0.67,-3.77,1.35,7.89,0.06,-0.56,11.93,-1.89,6.24
2020-06-20,0.48,-2.3,-4.18,4.78,-2.46,2.83,24.67,-0.31,1.15
2020-06-19,-0.79,6.71,1.7,13.9,-6.08,0.46,-0.83,-3.93,9.38
2020-06-18,-0.81,7.11,3.13,-9.49,-4.41,2.91,1.94,-1.19,-2.93
2020-06-17,-0.62,-3.13,9.24,-8.52,-2.27,-0.32,-6.6,-1.47,-4.34
2020-06-16,1.04,-2.42,-2.47,-3.9,0.85,-2.83,-4.82,-1.45,0.47
2020-06-15,0.86,6.35,3.85,-3.64,-5.07,-0.66,-7.72,2.07,-5.18
2020-06-14,-1.33,-0.6,2.86,11.39,-2.72,-0.42,2.0,-3.15,6.0
2020-06-13,0.05,20.91,-5.72,-11.18,1.09,1.76,2.78,-1.69,-11.98
2020-12-06,1.97,-14.36,3.27,8.37,0.08,-1.79,4.15,2.31,9.29
2020-11-06,-6.03,8.53,-5.25,-10.76,-1.22,5.16,-11.06,0.58,-9.51
2020-10-06,1.13,-15.43,1.6,-5.14,0.95,5.77,23.81,0.58,-4.89
2020-09-06,-0.09,-10.86,-12.4,-0.96,-3.67,0.38,-24.42,3.31,4.94
2020-08-06,0.36,2.85,-0.15,-4.33,-2.13,0.15,-6.1,-3.21,-7.6
2020-07-06,0.76,-21.66,-1.66,-3.16,-0.79,-3.06,-9.55,0.29,-1.71
2020-06-06,0.4,-2.82,-8.45,-1.95,-3.34,2.7,0.73,-0.87,-3.39
2020-05-06,-1.67,-4.32,-3.91,5.72,-0.39,-2.04,-4.49,-0.58,4.22
2020-04-06,1.32,3.33,-1.67,-0.05,0.34,-4.62,-4.02,-0.86,-2.81
2020-03-06,1.47,-2.08,1.44,7.38,0.89,-3.15,10.38,-0.28,4.6
2020-02-06,-6.49,2.5,0.99,-4.56,-1.4,-1.09,-24.59,2.03,-0.82
2020-01-06,7.77,2.17,0.28,-4.93,-0.69,-0.9,-10.07,0.0,-4.42
2020-05-31,-2.45,-8.13,-3.66,0.54,-0.59,0.07,-1.88,-0.58,-0.38
2020-05-30,2.84,-2.05,-3.4,-2.03,-0.14,0.15,-0.85,2.06,-3.03
2020-05-29,-1.54,-4.95,0.14,-0.38,0.74,1.44,0.92,0.59,-3.35
2020-05-28,4.06,-4.27,-2.07,0.6,-0.6,-0.14,4.45,-0.3,-1.05
2020-05-27,4.03,-0.94,-4.01,-0.68,-0.19,3.05,-4.95,0.3,-0.38
2020-05-26,-0.63,2.52,-0.59,-0.35,2.38,1.65,-3.37,1.2,0.47
2020-05-25,1.95,-0.38,-1.09,-0.46,1.02,-4.68,-2.34,0.0,-0.29
2020-05-24,-4.89,-1.83,0.75,1.57,0.49,-0.09,-2.97,0.3,0.18
2020-05-23,0.08,0.68,-0.43,0.3,-1.01,-0.44,-3.65,1.22,-0.16
2020-05-22,1.22,-2.19,0.32,-0.64,0.99,-1.59,-0.74,1.23,0.65
2020-05-21,-4.76,1.21,-0.15,-0.8,-1.72,1.68,0.92,3.85,0.17
2020-05-20,-2.67,1.25,-0.2,1.22,0.71,1.72,2.38,-9.04,0.73
2020-05-19,0.44,0.33,0.75,-1.31,-0.55,0.53,-0.29,-2.83,-0.54
2020-05-18,0.55,-2.38,0.86,-0.53,-2.03,0.5,-0.31,0.28,0.33
2020-05-17,3.18,-0.83,-0.14,-1.85,0.13,2.33,0.6,-1.68,1.13
2020-05-16,0.66,3.25,-0.18,0.75,-0.98,0.05,1.23,0.56,1.5
2020-05-15,-4.71,2.8,0.73,1.14,0.7,-1.29,0.49,0.28,0.73
2020-05-14,5.16,1.45,1.22,0.43,-0.91,0.46,2.46,-0.28,-1.77
2020-05-13,5.5,-4.95,1.94,0.54,0.18,0.45,0.75,-0.84,0.31
2020-12-05,2.73,-2.42,0.56,3.78,0.45,0.08,-1.49,-0.55,-0.09
2020-11-05,-1.82,5.32,-1.35,1.24,0.07,-0.6,-1.24,0.84,1.01
2020-10-05,-8.54,-0.04,-1.22,-0.39,-0.45,0.36,0.39,0.28,-1.57
2020-09-05,-2.57,-2.7,0.46,0.53,0.73,0.21,2.3,1.13,-0.9
2020-08-05,-1.74,-3.5,1.13,0.45,0.47,0.44,-1.0,-1.12,0.11
2020-07-05,9.05,-1.22,-2.68,-0.1,2.31,0.46,-2.81,0.56,0.03
2020-06-05,1.67,-3.29,1.13,-0.05,-1.57,-1.65,-1.11,-0.56,-0.27
2020-05-05,1.42,-1.39,-0.87,0.92,1.6,-0.34,-2.23,-0.56,0.39
2020-04-05,-0.12,1.64,-0.51,0.42,-1.91,-0.08,-0.28,1.13,0.84
2020-03-05,-0.9,0.4,-0.26,1.23,-0.76,0.8,0.64,0.28,0.19
2020-02-05,1.64,0.06,-0.24,-0.5,-0.36,0.06,-1.94,1.43,-0.15
2020-01-05,2.23,-0.21,0.9,0.23,0.6,-0.48,-2.52,0.29,0.7
2020-04-30,-1.62,1.65,0.14,-0.48,-0.2,0.35,-2.03,0.58,-0.29
2020-04-29,13.22,-1.32,-0.16,1.44,0.04,0.43,-2.74,0.0,0.67
2020-04-28,-0.25,-1.02,-0.13,-0.55,0.02,0.54,-0.66,0.58,0.49
2020-04-27,1.13,1.03,-0.26,-1.65,-0.2,-0.08,-0.91,-1.15,-0.28
2020-04-26,1.84,-0.04,-0.17,-0.06,-0.29,1.5,1.25,-0.29,0.35
2020-04-25,0.49,-0.4,0.62,0.43,-0.55,0.27,0.03,0.0,-0.71
2020-04-24,0.2,-2.47,0.35,0.67,0.47,-1.9,1.23,-0.29,0.84
2020-04-23,5.28,-1.79,0.18,0.07,-0.29,0.65,-0.72,1.16,0.29
2020-04-22,3.95,0.72,-0.55,-0.9,2.55,-0.22,0.26,0.29,-0.58
2020-04-21,0.13,-0.89,-0.52,0.19,0.14,0.58,-1.63,1.77,0.0
2020-04-20,-4.06,-0.71,1.28,1.03,-0.08,-0.4,-0.87,-0.29,0.51
2020-04-19,-1.49,0.58,-0.09,-0.45,-0.09,-0.6,-0.08,0.29,-0.02
2020-04-18,2.77,-0.05,-0.89,-0.4,0.33,0.35,-4.93,0.3,0.09
2020-04-17,-0.7,0.59,0.21,0.54,0.23,-0.35,-0.9,0.0,0.49
2020-04-16,6.89,0.17,-0.06,1.04,0.71,-0.89,0.35,0.3,0.45
2020-04-15,-3.24,0.5,0.0,-0.08,-1.05,0.33,3.06,0.6,-0.04
2020-04-14,0.14,-0.75,1.0,0.76,-0.64,1.04,-0.24,0.0,0.03
2020-04-13,-1.1,0.9,0.0,0.69,1.01,1.57,0.44,0.3,0.71
2020-12-04,0.73,1.67,-0.17,0.34,-0.49,2.25,-1.01,0.3,0.01
2020-11-04,0.07,-2.15,-0.73,0.23,-0.12,-1.91,-0.06,-1.19,0.86
2020-10-04,-5.84,2.54,1.12,-0.69,0.28,0.34,0.06,-0.3,0.29
2020-09-04,-0.98,-0.06,0.67,-0.03,0.35,0.06,0.8,-0.29,-0.11
2020-08-04,2.45,-0.26,0.51,-0.56,0.78,0.27,0.13,0.3,-0.32
2020-07-04,-2.01,0.09,0.43,0.54,0.32,2.41,0.97,0.6,0.91
2020-06-04,8.26,2.35,-0.01,-0.51,-0.48,-1.73,0.13,-0.88,0.15
2020-05-04,-1.23,-0.54,-0.55,0.7,-0.62,1.06,-1.27,-0.29,0.63
2020-04-04,1.8,0.89,1.21,0.02,-0.53,0.53,0.48,-1.16,-0.66
2020-03-04,-0.95,-2.52,-0.32,-0.32,0.49,-0.24,-0.02,-2.55,-0.86
2020-02-04,2.44,-0.39,1.36,0.53,0.7,0.38,1.21,0.86,-0.4
2020-01-04,3.52,-1.68,-0.43,-0.55,-0.76,-0.17,0.23,-0.57,0.42
2020-03-31,0.34,-1.97,-2.08,0.18,-0.85,0.01,1.5,0.0,0.22
2020-03-30,8.5,0.31,-0.02,0.26,0.81,-0.01,0.71,0.0,0.75
2020-03-29,-5.51,1.85,-0.23,-0.35,-0.26,0.63,-0.81,0.0,0.22
2020-03-28,-2.19,0.59,0.2,-0.91,0.26,-0.17,0.37,-1.68,-0.16
2020-03-27,-5.23,2.3,-0.06,0.6,0.11,0.46,-0.3,-0.56,-0.38
2020-03-26,0.69,-1.35,0.55,0.45,0.22,0.23,1.32,0.0,-0.06
2020-03-25,-0.97,-1.71,0.21,0.97,1.76,-0.01,0.0,-0.28,0.05
2020-03-24,4.26,-0.98,-0.11,0.32,-0.33,-1.17,4.15,0.56,0.77
2020-03-23,11.11,1.69,-0.34,-0.01,0.37,0.2,0.25,0.56,0.08
2020-03-22,-5.89,0.54,-0.23,0.8,-0.57,-0.27,1.43,1.42,0.07
2020-03-21,-0.31,-2.72,-0.18,-0.08,0.47,1.04,-5.01,0.0,0.16
2020-03-20,0.54,-1.16,0.62,1.86,0.3,-0.23,-0.05,-0.56,-0.2
2020-03-19,15.12,-0.32,-0.29,0.13,0.22,2.35,-0.51,-0.56,0.26
2020-03-18,1.91,0.34,-0.34,0.61,0.55,-1.49,0.69,0.85,0.27
2020-03-17,4.59,2.8,0.42,1.52,0.34,-0.44,0.42,0.28,0.07
2020-03-16,-6.27,0.15,-0.08,-0.16,0.25,0.19,-1.38,0.0,-0.12
2020-03-15,3.54,0.06,-0.19,-0.66,0.18,-0.42,2.57,-0.56,0.37
2020-03-14,-7.19,3.56,0.49,-0.54,-0.09,0.03,3.44,0.28,0.97
2020-03-13,15.71,3.6,0.33,-0.29,1.2,-0.7,-3.23,0.0,-0.3
2020-12-03,-39.18,-1.06,0.31,1.44,1.87,-0.02,-1.16,-1.4,0.33
2020-11-03,0.56,-0.89,1.14,-0.09,1.15,0.16,1.67,0.0,-0.08
2020-10-03,-0.53,0.55,0.54,0.3,0.45,0.22,-0.61,-0.28,0.56
2020-09-03,-1.26,1.45,-0.44,-2.53,-0.61,-0.33,0.56,-0.28,0.41
2020-08-03,-9.61,2.04,-0.05,-0.32,0.99,0.68,-0.11,0.84,0.19
2020-07-03,-2.7,4.74,-0.1,3.53,-0.16,0.65,-0.66,1.13,0.28
2020-06-03,0.82,0.88,0.03,-0.31,0.32,-0.26,0.16,0.57,-0.36
2020-05-03,3.45,-0.64,0.09,-0.47,-2.01,-0.55,1.42,0.29,0.69
2020-04-03,-0.04,-1.75,0.4,0.29,-0.49,-0.09,-1.54,0.57,-0.39
2020-03-03,-1.61,0.31,0.06,0.28,0.59,-1.72,1.22,-1.14,0.28
2020-02-03,4.27,1.46,0.13,0.14,-0.56,0.62,0.6,0.28,-0.2
2020-01-03,-0.04,-0.17,0.58,-0.44,-0.77,-1.76,3.73,-0.57,1.0
2020-02-29,-1.77,0.81,-0.26,-0.97,0.13,0.02,-1.6,-0.56,-0.14
2020-02-28,-1.37,-0.66,-0.3,0.76,-0.36,-0.17,-0.86,0.28,1.09
2020-02-27,0.21,4.92,0.02,1.26,0.09,1.15,-0.48,-1.39,0.64
2020-02-26,-5.55,2.07,1.19,0.26,0.16,0.39,-1.5,0.28,0.91
2020-02-25,-3.57,0.36,-0.38,-1.95,0.38,-0.34,0.76,0.28,-1.56
2020-02-24,-2.82,-2.92,2.17,-0.22,-0.18,-0.61,0.46,0.56,-0.45
2020-02-23,2.97,-0.37,0.92,2.15,0.06,0.08,3.34,-1.66,1.42
2020-02-22,-0.3,0.07,0.85,1.46,1.05,0.59,1.59,-0.28,0.8
2020-02-21,0.85,0.85,-1.11,-2.89,0.75,0.55,-0.87,0.84,-1.79
2020-02-20,-0.07,-2.26,0.71,-0.76,0.96,-0.05,-0.28,-0.28,-1.23
2020-02-19,-5.4,-3.53,0.86,-0.73,0.35,-0.37,1.07,-0.28,0.5
2020-02-18,4.71,1.23,0.12,-1.71,0.56,-0.31,1.04,0.28,-0.53
2020-02-17,-2.32,-0.34,-2.98,-0.91,0.54,0.29,-1.46,0.84,-0.24
2020-02-16,0.25,-0.94,-1.43,1.37,2.12,0.68,-2.03,0.85,0.62
2020-02-15,-4.12,2.32,0.66,1.12,0.12,-0.92,2.15,1.14,-0.84
2020-02-14,0.96,-2.73,0.39,-0.43,0.02,0.61,1.83,0.0,-0.01
2020-02-13,-0.8,-0.62,0.55,-0.98,-0.41,-0.78,-0.08,0.86,-0.49
2020-12-02,0.86,1.2,-0.54,-0.92,1.19,-0.74,-0.23,0.29,0.0
2020-11-02,3.81,0.27,-0.14,-0.11,-0.09,0.6,-0.11,-0.29,0.03
2020-10-02,-2.93,-1.02,-0.96,3.48,0.11,-0.04,0.69,-0.57,0.26
2020-09-02,2.59,-2.06,0.53,-0.24,0.96,-0.53,-0.36,1.16,-0.31
2020-08-02,0.78,1.68,0.7,0.53,-2.17,-0.04,-1.83,-1.43,-0.07
2020-07-02,0.48,2.62,0.19,0.84,0.4,0.29,-0.83,0.86,0.29
2020-06-02,1.67,0.19,0.08,0.03,0.05,1.24,-3.29,0.29,0.72
2020-05-02,4.54,1.21,-0.89,-4.56,-0.28,1.05,-0.89,0.0,0.03
2020-04-02,-1.1,4.21,0.32,-1.36,0.55,-2.2,-0.14,-0.29,-0.01
2020-03-02,-0.41,2.8,0.63,2.2,0.71,-0.58,-1.4,2.06,0.09
2020-02-02,-0.5,-0.28,0.51,2.11,0.06,0.19,-2.3,0.59,1.3
2020-01-02,0.35,1.93,0.11,0.38,-1.21,-1.79,0.95,0.0,1.08
2020-01-31,-1.66,1.77,-0.0,-0.31,0.98,0.54,-0.07,0.3,-0.69
2020-01-30,2.24,-1.95,0.3,0.07,-1.11,1.05,0.03,-0.88,0.06
2020-01-29,-0.84,0.61,0.98,1.26,0.44,0.58,-2.07,1.8,1.27
2020-01-28,5.76,-0.35,0.88,0.26,0.37,-0.63,-5.66,-0.6,0.65
2020-01-27,3.01,3.28,-0.34,-0.41,-0.33,0.13,14.68,1.2,-0.32
2020-01-26,3.19,0.86,0.17,1.18,-0.65,0.12,-0.44,-0.3,1.1
2020-01-25,-1.17,0.27,0.45,-2.61,-1.74,0.76,-1.18,-1.19,-2.59
2020-01-24,0.41,-3.19,1.37,0.82,-2.11,-0.46,-2.87,-2.03,-0.05
2020-01-23,-3.15,-2.84,-0.15,0.41,0.09,0.35,-0.78,-1.15,0.82
2020-01-22,-0.62,0.28,0.65,-0.51,-0.86,0.28,2.35,-1.14,-0.79
2020-01-21,1.05,-5.35,0.44,1.94,0.43,-0.75,0.39,-0.56,1.21
2020-01-20,-0.74,2.45,-1.17,0.57,-0.19,-0.24,0.07,0.28,1.44
2020-01-19,-2.36,2.6,-0.63,1.74,-0.45,-0.62,4.3,-0.28,0.25
2020-01-18,0.04,-1.59,1.33,-2.67,0.22,-2.17,-1.32,0.28,-2.93
2020-01-17,2.13,-5.91,-0.56,1.4,0.41,0.27,-0.26,0.86,1.48
2020-01-16,-1.04,2.54,1.2,-1.99,0.95,3.13,-0.54,0.86,-1.2
2020-01-15,-0.12,-2.04,1.41,0.28,-0.23,-0.19,-2.84,0.29,-0.66
2020-01-14,8.85,-0.32,-0.18,2.23,2.0,-1.23,1.67,-0.86,1.88
2020-01-13,-0.93,4.23,-2.04,0.28,-1.97,-0.43,1.55,0.87,0.08
2020-12-01,2.04,1.04,0.92,1.58,-0.31,-0.72,2.4,-0.29,1.3
2020-11-01,-1.99,-0.76,-0.22,-3.67,-0.69,-0.17,-0.98,-0.29,-2.98
2020-10-01,4.4,-1.82,-1.23,0.31,0.2,0.95,-2.13,-0.29,-0.73
2020-09-01,-2.7,-2.67,1.98,1.33,0.51,-0.03,-0.59,0.0,-0.9
2020-08-01,-1.18,-3.28,0.56,-0.44,-0.15,1.9,-1.17,0.87,-1.09
2020-07-01,5.11,0.08,-0.58,0.13,0.14,-0.46,0.23,0.0,-0.26
2020-06-01,5.24,0.73,-1.93,-1.42,-0.98,0.01,2.44,0.0,-0.16
2020-05-01,-0.06,-2.16,-3.26,0.46,0.2,0.27,0.73,-0.29,0.74
2020-04-01,0.46,-3.27,0.67,-0.62,0.3,-0.77,-1.38,-2.25,-0.53
2020-03-01,5.4,-3.83,0.12,-2.62,-0.53,-0.48,-3.27,0.28,0.47
2020-02-01,-3.23,0.32,-1.72,-0.9,0.11,0.17,3.95,-0.56,0.68
2020-01-01,0.05,3.42,-0.03,0.05,2.13,0.86,0.79,-0.84,0.28
2019-12-31,-0.9,-1.24,0.41,-1.37,-0.29,-0.15,3.73,-0.28,-0.62
2019-12-30,-1.84,-0.44,-0.64,0.49,1.19,0.55,2.84,2.27,0.36
2019-12-29,1.04,0.29,0.0,-0.63,-0.51,-0.03,-4.74,0.0,-0.65
2019-12-28,0.82,-1.38,1.23,-0.89,-0.43,-0.62,-1.94,0.86,-0.34
2019-12-27,0.7,2.73,0.28,-0.06,0.13,2.31,-1.74,0.0,0.02
2019-12-26,-0.19,2.45,-0.08,0.26,-0.95,0.47,3.17,-1.13,0.46
2019-12-25,-0.6,4.04,-0.54,0.96,0.6,1.16,-7.9,0.28,0.23
2019-12-24,-0.74,0.48,-0.56,1.39,1.72,1.63,0.91,0.28,0.45
2019-12-23,-2.31,-0.67,0.55,0.76,-0.72,-0.33,2.07,2.93,0.12
2019-12-22,4.74,-1.34,0.13,-0.21,0.03,-0.27,1.19,1.79,-0.48
2019-12-21,-0.56,-1.6,0.03,-0.36,0.4,0.59,0.32,0.3,-0.18
2019-12-20,0.43,-0.04,-0.14,1.77,-0.46,0.09,0.25,0.0,0.77
2019-12-19,-1.52,-0.14,-0.23,2.58,-0.35,0.41,-1.57,-0.6,0.29
2019-12-18,10.02,-1.52,-0.4,1.02,0.33,-0.58,0.98,0.0,0.77
2019-12-17,-4.2,1.72,-0.12,0.0,1.2,0.14,1.06,-0.59,0.58
2019-12-16,-3.16,-3.14,-0.46,1.65,0.53,-0.35,0.6,3.05,0.38
2019-12-15,0.67,0.91,0.1,-3.46,-0.01,0.03,-2.61,0.92,-0.12
2019-12-14,-2.4,1.53,0.93,1.17,1.8,-0.12,-1.46,-0.61,-0.95
2019-12-13,0.65,0.22,0.3,-1.44,-0.01,0.32,-3.29,0.0,-0.17
2019-12-12,0.0,2.52,0.69,0.56,-0.92,0.85,-1.05,-0.91,-0.13
2019-11-12,-0.38,-1.16,0.91,1.27,-1.63,-0.14,0.02,0.0,0.95
2019-10-12,-1.63,0.89,-0.02,0.63,-0.29,0.1,-0.38,-0.3,0.3
2019-09-12,-2.24,-2.24,-0.04,0.78,-1.21,0.39,4.5,-0.3,0.97
2019-08-12,0.18,0.53,-0.32,-0.56,0.37,-0.36,0.29,0.61,0.09
2019-07-12,-0.26,-3.52,-0.33,0.28,0.31,0.85,0.26,0.61,-0.16
2019-06-12,1.78,-3.27,-0.03,-0.01,-0.16,0.07,1.25,0.92,0.41
2019-05-12,2.7,0.74,0.39,0.2,-0.62,0.05,-0.94,0.0,-0.2
2019-04-12,-1.2,0.86,0.05,-1.46,0.05,0.92,1.94,-0.91,-0.03
2019-03-12,-0.09,0.81,2.06,0.53,-0.14,-2.23,-4.81,-0.3,0.47
2019-02-12,-1.33,0.62,0.12,0.28,0.24,0.91,1.06,0.61,1.05
2019-01-12,-1.99,0.47,-0.33,-0.3,0.89,1.35,-1.62,-0.61,0.61
2019-11-30,-2.53,1.43,0.11,3.69,-0.59,-1.6,0.08,-2.08,0.82
2019-11-29,4.26,0.82,-0.43,2.26,0.58,0.16,2.68,0.6,2.14
2019-11-28,-1.12,4.11,0.43,0.08,-0.59,-0.23,-0.12,2.14,-0.28
2019-11-27,4.86,2.57,0.24,-0.01,-0.72,-0.24,0.82,-0.91,-1.32
2019-11-26,0.66,-3.53,1.2,0.34,-0.27,0.03,1.38,-1.49,0.21
2019-11-25,2.76,-0.49,-0.05,0.41,-0.93,1.27,5.38,3.08,-0.69
2019-11-24,-5.45,0.31,0.19,-0.07,-1.46,0.23,-0.26,-1.52,-0.84
2019-11-23,0.71,-1.3,1.01,0.01,-1.51,3.25,3.79,-1.79,0.14
2019-11-22,-4.66,1.01,0.6,-0.38,-0.22,-0.22,-1.1,0.9,-1.19
2019-11-21,-5.82,-2.99,-1.14,-1.01,0.48,0.57,0.44,-5.4,-0.28
2019-11-20,-0.57,-0.83,0.62,1.13,-0.27,-0.14,2.23,0.0,0.85
2019-11-19,-0.76,1.1,-1.52,-0.04,0.19,0.06,-4.0,0.86,-0.67
2019-11-18,-3.54,-1.42,-0.45,-0.69,0.08,0.5,0.02,-1.41,-0.58
2019-11-17,0.15,-4.11,0.4,0.19,0.5,0.35,-1.35,-1.67,0.89
2019-11-16,0.25,0.06,0.71,-0.45,-0.84,0.15,2.66,0.0,0.58
2019-11-15,-2.13,0.9,-1.76,0.3,0.25,-1.09,1.76,0.0,0.8
2019-11-14,-1.39,3.0,0.01,-1.74,0.24,0.25,-3.37,-2.17,-2.41
2019-11-13,-0.33,-3.99,0.5,1.48,1.37,0.61,0.43,1.1,0.37
2019-12-11,0.87,0.26,-1.63,0.19,0.73,0.27,-0.47,-0.55,-0.3
2019-11-11,-3.32,0.86,-0.38,0.1,0.11,0.09,-5.46,0.0,-0.16
2019-10-11,2.64,-0.89,1.56,-1.97,-0.53,1.16,-3.77,2.81,-1.65
2019-09-11,0.3,-0.95,0.64,0.66,0.19,1.25,-0.56,-0.28,-0.45
2019-08-11,-4.83,0.3,1.31,-0.15,-0.21,0.48,-0.03,-0.28,0.96
2019-07-11,-1.24,1.14,-1.2,-0.06,0.38,0.24,0.66,-1.65,-0.21
2019-06-11,0.3,-6.11,0.31,0.13,0.05,2.98,0.24,0.28,-0.75
2019-05-11,-0.91,-1.06,-1.95,0.82,0.97,0.06,1.24,0.28,0.1
2019-04-11,2.15,2.22,0.47,1.77,-0.02,-3.45,-5.71,-0.55,0.11
2019-03-11,-1.1,0.45,-1.78,0.47,1.43,-0.13,-2.49,1.11,0.47
2019-02-11,0.76,-0.14,-1.13,0.29,0.82,0.79,-0.17,1.69,-0.04
2019-01-11,0.85,-1.16,0.39,-0.52,-1.61,0.09,0.54,0.0,-0.22
2019-10-31,-0.06,-2.88,-0.73,-0.09,-0.23,-0.31,-0.17,2.31,0.88
2019-10-30,-2.69,-0.43,0.0,-0.29,2.15,0.13,1.37,3.9,0.1
2019-10-29,2.22,0.21,0.36,-0.23,-3.01,-0.8,0.39,-0.3,0.16
2019-10-28,-3.38,-0.94,0.04,0.5,0.09,-0.85,1.21,0.91,-0.23
2019-10-27,3.24,-0.31,0.24,1.45,0.2,0.08,-1.01,-0.9,0.05
2019-10-26,6.61,1.25,-0.31,0.76,-0.08,-0.5,-0.06,-2.34,-0.06
2019-10-25,16.65,-0.89,-0.03,0.88,0.62,0.97,-0.68,-0.29,0.66
2019-10-24,-0.73,6.21,0.13,-0.54,0.77,0.16,1.17,0.0,0.0
2019-10-23,-6.9,-1.47,0.62,-0.23,-0.02,0.28,-1.37,0.29,0.35
2019-10-22,-2.15,-1.0,0.41,-1.19,-0.99,-0.33,0.5,-0.58,-0.61
2019-10-21,-0.18,-1.54,0.37,0.19,1.79,0.13,0.21,2.69,0.1
2019-10-20,3.34,-0.16,0.08,-0.66,0.47,0.17,-2.81,0.9,0.46
2019-10-19,0.11,-4.14,0.36,-0.13,-2.01,0.72,-0.49,-0.6,0.21
2019-10-18,-1.55,4.98,0.31,0.33,-0.65,-0.9,0.65,-0.3,0.21
2019-10-17,0.91,1.12,0.22,0.69,-0.6,-0.11,0.32,0.6,0.0
2019-10-16,-2.04,5.14,-0.61,1.04,-0.44,0.31,-2.93,1.22,1.16
2019-10-15,-2.23,3.62,-0.27,0.86,1.02,-0.57,-1.03,-3.8,0.67
2019-10-14,0.87,1.53,0.16,0.74,1.02,0.68,-0.62,-0.87,0.36
2019-10-13,-0.28,1.5,0.19,0.33,-0.79,0.02,0.91,0.88,-0.46
2019-12-10,0.44,2.56,1.17,1.07,0.5,0.46,2.66,0.0,0.72
2019-11-10,-3.44,-0.61,0.3,1.22,-0.37,-0.35,0.38,0.59,-0.08
2019-10-10,-0.05,1.13,1.0,-0.55,0.48,3.96,-0.45,2.41,-1.9
2019-09-10,4.69,-0.78,0.95,1.19,-0.18,-3.69,1.03,-0.6,1.09
2019-08-10,-0.19,-1.65,-0.05,-0.93,0.15,-0.05,-0.77,0.0,-0.29
2019-07-10,4.02,-25.28,0.08,-0.12,0.6,-0.04,0.49,-2.62,-0.01
2019-06-10,-3.02,2.7,0.58,0.83,0.1,-1.07,-1.59,7.52,0.37
2019-05-10,-0.25,1.06,-0.16,-0.52,1.82,-0.29,0.98,2.57,0.5
2019-04-10,-0.96,-0.7,-1.83,-1.25,-1.13,0.22,-0.65,-0.32,-0.09
2019-03-10,-1.64,0.2,-0.15,1.47,-0.02,-1.5,2.09,0.32,0.69
2019-02-10,0.74,0.3,-1.07,-0.24,1.34,0.4,1.58,0.0,0.3
2019-01-10,0.22,-0.36,0.62,0.7,2.61,0.48,-0.58,2.64,1.47
2019-09-30,2.92,-0.31,0.05,-2.94,-2.01,0.5,-0.19,-1.62,-0.21
2019-09-29,-1.94,1.44,1.32,-1.94,-0.59,0.13,1.61,-0.32,-0.81
2019-09-28,0.29,0.73,0.56,-1.21,0.14,-0.04,2.41,1.98,-0.65
2019-09-27,1.5,0.35,0.59,-1.56,-0.19,0.01,1.42,0.66,-0.11
2019-09-26,-4.37,-1.19,-0.01,-2.0,0.46,0.09,-0.19,1.01,-0.39
2019-09-25,-0.96,0.42,0.63,0.46,0.07,-0.25,-0.88,1.36,0.69
2019-09-24,-12.25,0.41,-0.76,0.85,1.06,0.27,1.9,1.03,-0.28
2019-09-23,-3.28,0.24,-0.48,-0.33,-0.52,-1.57,-0.37,-0.68,-0.05
2019-09-22,0.39,0.24,-0.08,1.07,0.08,-0.4,-1.57,0.34,-0.08
2019-09-21,-1.77,-0.61,0.3,1.24,-0.6,-0.64,0.25,0.0,0.12
2019-09-20,-0.76,0.14,0.15,1.1,0.97,0.64,1.36,0.69,0.64
2019-09-19,0.84,-0.74,0.42,-0.01,-0.09,0.35,-0.1,0.69,-0.35
2019-09-18,-0.3,-0.36,0.47,0.3,-0.14,0.37,0.97,0.0,0.18
2019-09-17,-0.58,1.07,-0.2,0.07,-0.47,-0.38,-0.15,-1.37,0.15
2019-09-16,-0.54,-1.35,0.28,0.69,0.26,0.39,0.6,0.34,1.09
2019-09-15,-0.25,-0.6,0.29,-0.94,1.29,-0.09,2.44,2.11,-0.27
2019-09-14,-0.05,0.7,0.21,0.48,-0.2,0.57,0.14,-0.7,0.3
2019-09-13,-0.7,-2.19,0.13,1.0,-0.55,-1.11,1.28,0.0,1.29
2019-12-09,2.49,-0.64,0.62,-0.41,0.96,0.85,-1.04,2.14,0.07
2019-11-09,0.57,-0.48,-0.17,0.28,0.97,0.49,0.78,-1.06,0.07
2019-10-09,-1.98,-0.64,0.11,-0.13,-1.29,-0.63,-0.6,0.71,-0.94
2019-09-09,-0.9,0.95,1.84,0.14,1.1,1.01,-0.05,-0.35,-0.22
2019-08-09,-0.56,0.12,-0.62,-0.17,0.82,-0.12,1.42,1.07,0.47
2019-07-09,1.47,-0.38,0.36,-0.48,2.44,0.22,-2.48,-0.36,0.68
2019-06-09,-2.44,-0.57,0.79,-0.75,-2.26,-0.21,0.49,0.36,0.09
2019-05-09,-0.01,1.55,0.96,1.56,-0.31,-0.88,2.59,2.56,0.86
2019-04-09,-0.42,-0.56,-0.48,1.03,3.88,-1.24,0.04,0.0,1.55
2019-03-09,2.55,-0.18,-1.93,-0.3,0.89,-0.38,-3.11,-1.44,-0.15
2019-02-09,6.37,0.96,-0.07,0.44,-5.01,-0.53,0.53,0.73,-0.78
2019-01-09,1.41,-1.01,1.57,0.82,-1.11,-0.08,0.07,-0.36,0.85
2019-08-31,0.09,2.68,-0.19,0.31,-2.84,-0.25,1.48,-0.36,0.14
2019-08-30,0.99,0.05,0.37,1.59,-0.6,0.38,-0.32,-0.72,0.22
2019-08-29,-2.45,0.99,-0.07,0.31,-1.82,-1.39,-0.11,0.36,-1.42
2019-08-28,-4.47,0.52,0.26,0.85,0.62,0.2,1.33,-1.07,1.32
2019-08-27,-1.8,0.22,0.51,-0.63,-2.02,5.59,2.17,-1.06,0.76
2019-08-26,2.32,-0.81,-0.82,2.37,0.99,0.4,0.95,-1.05,0.22
2019-08-25,0.05,1.38,1.18,0.63,2.15,-4.12,1.51,-1.37,1.07
2019-08-24,-2.48,0.57,0.46,-0.21,-0.34,0.58,1.32,0.34,-0.53
2019-08-23,2.81,-0.85,-0.02,0.19,-2.12,-0.1,-0.59,-1.36,-0.01
2019-08-22,-0.36,0.25,-0.39,0.73,0.82,0.1,0.15,1.38,0.45
2019-08-21,-5.68,-0.76,-0.31,0.49,-1.91,0.15,-2.54,0.35,0.41
2019-08-20,-1.45,0.16,2.14,-0.29,-0.53,-0.48,0.65,0.0,0.97
2019-08-19,5.8,-0.56,-0.26,-2.61,-2.39,0.31,-1.65,-0.69,0.7
2019-08-18,0.93,0.24,0.3,3.97,1.0,-0.01,-1.27,0.0,3.43
2019-08-17,-1.14,-2.18,0.42,-2.69,0.4,-0.35,2.73,-2.02,-2.48
2019-08-16,0.31,-0.18,-0.48,-0.7,0.39,0.02,-0.81,-0.34,0.13
2019-08-15,2.53,1.29,-0.18,1.29,1.02,-0.2,1.73,0.34,0.85
2019-08-14,-7.74,0.45,0.18,-0.2,0.64,-0.21,2.54,2.41,-0.12
2019-08-13,-4.4,-0.67,0.5,1.79,0.76,0.59,-3.17,0.69,0.86
2019-12-08,-1.07,-1.12,0.7,3.28,0.65,0.02,1.05,-1.03,4.96
2019-11-08,1.79,1.95,-0.27,-3.47,-0.35,0.42,0.97,1.39,-2.71
2019-10-08,-6.41,-1.13,2.95,-1.85,-1.09,0.43,0.1,0.0,-2.06
2019-09-08,-0.84,1.2,-1.29,-2.41,0.65,1.42,-3.08,0.0,-1.58
2019-08-08,1.48,-0.02,-0.27,-0.87,-0.57,-0.33,1.1,-2.05,-1.54
2019-07-08,4.64,0.39,0.5,-1.77,-0.2,0.07,-0.28,-0.68,0.01
2019-06-08,-2.84,0.82,1.67,-1.49,0.16,5.42,3.32,0.0,-2.08
2019-05-08,8.07,0.25,-1.22,-0.55,-2.06,-0.23,-0.46,-1.67,-1.91
2019-04-08,1.1,0.46,-0.89,-0.54,0.09,-4.9,0.38,1.01,-0.02
2019-03-08,2.81,1.29,0.02,0.21,-1.05,-0.72,3.17,0.34,0.54
2019-02-08,1.35,1.76,-1.68,0.24,1.82,-0.1,-2.09,1.37,-0.04
2019-01-08,2.96,-0.28,0.37,-0.3,-0.28,0.41,-1.9,-1.02,0.18
2019-07-31,5.23,0.68,-0.77,-2.81,1.14,-0.26,0.44,0.68,-2.33
2019-07-30,-0.0,-1.3,-0.94,-0.56,-1.55,0.13,5.18,1.03,-0.15
2019-07-29,-1.51,1.1,-0.63,-2.43,2.56,0.18,2.6,-1.69,-3.24
2019-07-28,2.48,-0.33,0.14,1.46,-1.06,-0.32,1.17,0.0,1.09
2019-07-27,-3.45,-0.51,1.72,1.03,2.16,0.46,1.85,-1.01,0.82
2019-07-26,-1.15,1.17,1.27,0.51,1.45,-0.3,1.18,-0.33,-0.22
2019-07-25,1.44,0.63,-1.36,0.53,-0.16,0.31,1.42,-0.99,2.3
2019-07-24,-0.85,-3.37,0.41,0.03,-0.4,-0.65,1.06,3.42,0.33
2019-07-23,-5.03,-0.16,-3.31,1.79,-3.72,0.76,0.18,0.69,1.55
2019-07-22,-2.82,0.58,-1.22,0.69,0.37,5.15,1.61,1.05,-0.66
2019-07-21,-1.04,0.29,-0.8,-0.19,-2.67,-4.73,-3.48,1.06,0.3
2019-07-20,2.41,0.24,1.32,-1.75,0.37,-0.09,7.09,-2.74,-1.82
2019-07-19,-0.75,-0.19,-0.03,0.28,-0.56,0.13,1.48,-0.68,-1.66
2019-07-18,9.55,-0.87,0.19,0.75,-0.8,0.61,-6.71,0.0,0.22
2019-07-17,3.17,-1.14,0.06,2.55,1.29,5.32,-0.63,0.68,1.06
2019-07-16,-13.1,2.72,-0.2,-3.11,1.25,-4.96,-2.8,-2.67,-0.76
2019-07-15,6.33,-0.47,1.13,0.06,-1.87,1.05,2.08,4.53,-0.15
2019-07-14,-10.25,-1.3,0.34,-1.99,0.46,-0.75,-7.3,2.5,-1.97
2019-07-13,-3.38,0.0,-0.86,-1.03,-3.89,0.89,-2.58,-2.1,-0.92
2019-12-07,3.7,-0.45,1.21,0.64,0.16,0.21,-2.62,0.35,-0.25
2019-11-07,-6.34,-0.62,-1.4,1.28,-1.32,0.08,2.8,-0.7,2.12
2019-10-07,-3.44,-1.77,-0.64,0.96,-0.8,0.8,-0.97,-1.37,0.63
2019-09-07,2.36,-0.74,-0.3,2.02,-0.56,-0.47,1.27,2.11,0.56
2019-08-07,7.33,3.17,-0.47,0.0,-0.66,-0.2,-3.06,-5.0,-0.63
2019-07-07,1.31,1.06,-0.6,0.33,0.1,0.22,2.18,0.0,1.06
2019-06-07,2.71,0.36,0.96,1.03,0.52,-0.14,-2.65,0.0,1.09
2019-05-07,-1.73,0.63,-1.1,2.08,1.36,-0.36,-0.68,-4.15,1.57
2019-04-07,-6.2,0.11,-0.25,0.68,-0.99,0.71,0.57,0.97,-0.66
2019-03-07,9.83,-0.4,-0.26,-0.1,0.39,0.05,3.97,-0.32,-1.73
2019-02-07,2.07,1.1,1.21,2.58,0.29,-0.3,-1.01,1.3,1.86
2019-01-07,-1.87,-1.39,-0.31,-0.2,0.82,0.55,2.31,-0.97,-3.09
2019-06-30,-9.14,-0.91,0.09,0.79,0.01,1.06,-2.46,2.99,-0.55
2019-06-29,-4.05,-1.23,0.32,0.36,1.08,-0.33,-0.14,0.33,-0.43
2019-06-28,9.93,0.13,0.21,0.95,1.41,0.05,2.4,1.01,-0.04
2019-06-27,-13.59,-0.66,1.6,-0.83,1.2,0.77,-6.66,2.41,-1.44
2019-06-26,10.62,0.14,-0.25,-1.59,0.96,-0.72,-1.12,-1.02,-0.03
2019-06-25,6.91,0.51,0.64,2.4,-0.27,-0.02,2.25,0.0,2.15
2019-06-24,1.37,0.22,-0.93,-0.01,1.3,5.55,-5.87,1.03,-0.59
2019-06-23,1.64,-0.76,1.09,0.46,0.3,-5.6,0.53,-0.68,1.42
2019-06-22,5.33,-1.0,-0.34,-2.83,-0.8,0.57,0.0,-0.34,-2.06
2019-06-21,6.96,-0.37,-1.54,-2.94,-0.41,-0.32,0.37,-1.01,-3.29
2019-06-20,2.83,-0.89,-0.65,-0.58,-0.51,0.2,1.01,0.68,-0.14
2019-06-19,1.93,1.53,-0.02,-0.69,-0.05,0.57,-7.07,-0.68,-0.04
2019-06-18,-2.56,1.49,-0.97,-0.35,-0.69,0.34,-0.43,-1.99,-0.55
2019-06-17,3.98,-1.17,-0.44,0.08,-0.02,0.67,-0.79,1.0,-0.82
2019-06-16,1.7,1.66,1.46,-0.19,0.09,-0.16,-1.62,0.0,0.07
2019-06-15,1.81,-0.46,0.5,-1.39,0.15,-0.42,-0.87,-0.66,-0.04
2019-06-14,5.32,-2.2,-0.46,1.55,0.06,-1.32,-1.41,-0.66,0.36
2019-06-13,1.06,0.73,-1.77,-0.75,0.88,-0.27,-0.06,-0.33,-0.0
2019-12-06,3.11,0.27,-1.65,0.62,0.85,0.18,-0.86,-0.33,0.28
2019-11-06,-1.25,-0.9,0.36,-2.01,0.22,-0.46,-2.48,2.01,-0.33
2019-10-06,4.62,1.19,-1.07,-2.46,0.64,-0.07,-1.31,0.34,-0.13
2019-09-06,-3.37,-0.67,-0.88,-0.73,0.09,-0.37,-1.28,0.34,-0.35
2019-08-06,-1.05,0.42,-0.89,0.78,-0.32,1.86,-0.81,-0.34,-0.04
2019-07-06,2.57,0.47,0.49,-0.13,0.35,-0.82,0.39,2.05,0.78
2019-06-06,0.08,0.41,-0.74,-0.13,-0.05,-0.17,0.76,1.04,0.13
2019-05-06,1.22,0.21,0.44,1.09,-0.68,-0.66,0.59,-1.37,0.54
2019-04-06,-5.41,-0.57,-1.47,-1.77,2.28,0.23,-3.96,-0.68,-0.56
2019-03-06,-6.92,0.4,0.48,-1.22,-1.98,0.09,0.07,-1.99,0.03
2019-02-06,2.14,-0.14,0.39,0.36,-1.33,-0.5,0.68,-0.33,0.53
2019-01-06,-0.15,-0.17,0.27,-2.39,-0.2,0.94,-1.58,-0.66,0.04
2019-05-31,3.46,1.93,-0.59,0.39,-0.08,-0.31,-3.02,0.0,0.37
2019-05-30,-4.35,-1.03,0.81,0.27,0.69,-0.1,0.2,2.01,0.19
2019-05-29,-0.79,-1.01,1.03,0.08,-0.08,0.25,0.62,-1.32,-0.22
2019-05-28,-0.5,0.28,0.3,-1.5,0.06,-0.3,0.52,2.72,-0.37
2019-05-27,1.51,-0.47,0.37,-2.32,-1.03,0.03,-3.01,-0.68,-0.28
2019-05-26,7.51,4.0,0.04,1.36,0.86,0.7,-2.39,-1.33,-0.17
2019-05-25,0.72,-0.07,0.33,0.99,0.04,-0.46,0.9,-1.96,0.01
2019-05-24,1.5,-0.24,0.21,-0.37,-0.74,2.73,-0.07,-1.92,-0.44
2019-05-23,2.83,0.51,0.45,-0.26,0.56,0.15,0.01,0.0,0.57
2019-05-22,-3.72,-1.0,0.07,0.08,-0.12,0.23,-2.72,0.32,0.03
2019-05-21,-0.44,0.26,0.48,0.31,0.46,-1.35,1.57,-0.32,0.77
2019-05-20,-2.35,0.6,-0.08,1.52,0.51,0.37,-0.09,-0.95,0.62
2019-05-19,12.32,1.54,-0.59,0.48,-1.33,-0.09,2.8,0.0,-0.17
2019-05-18,-1.32,0.89,-1.3,0.36,-0.29,-0.31,1.57,1.29,-0.04
2019-05-17,-6.51,-0.1,-1.05,-0.68,-0.13,1.29,0.77,0.97,0.21
2019-05-16,-3.59,-0.38,0.06,0.13,0.43,-0.34,-0.98,2.67,0.24
2019-05-15,2.13,-0.32,-1.11,0.38,0.44,0.71,0.28,-0.33,0.33
2019-05-14,2.42,0.58,-0.73,0.64,1.85,-0.94,1.84,-0.33,0.79
2019-05-13,11.76,-0.73,0.25,-0.5,1.17,-0.5,-0.03,-0.33,-0.76
2019-12-05,-2.86,1.12,-0.24,0.61,-1.19,0.06,-0.45,-0.66,0.64
2019-11-05,12.59,-0.86,0.83,-0.13,0.66,0.24,1.82,0.33,-0.4
2019-10-05,3.14,-1.89,0.24,-0.75,1.21,-0.79,1.36,2.01,-0.71
2019-09-05,3.36,-0.18,-0.03,-0.15,1.12,0.23,-0.12,-1.32,-0.14
2019-08-05,2.41,2.01,0.25,-0.42,-0.78,0.45,0.58,0.0,-0.03
2019-07-05,1.82,0.96,0.53,1.53,-0.31,-0.21,-2.53,2.37,0.28
2019-06-05,-0.52,4.38,0.61,0.49,-0.12,0.36,1.62,1.03,0.35
2019-05-05,-0.96,-0.42,-0.14,-0.28,-2.21,-0.56,2.53,-0.34,0.46
2019-04-05,1.11,0.51,0.55,0.39,0.15,-0.23,-0.31,-1.01,0.49
2019-03-05,4.97,-1.07,-1.48,-0.01,-0.01,0.75,-0.03,0.34,-0.1
2019-02-05,2.04,0.66,-0.01,-1.2,-0.31,0.22,-1.38,-2.96,0.49
2019-01-05,1.19,-0.81,-0.48,-3.31,0.02,-0.04,-1.65,2.36,-0.58
2019-04-30,1.64,-0.84,-1.94,1.72,-0.79,-0.28,-0.36,-1.0,-0.66
2019-04-29,-1.27,0.05,0.02,-0.05,-0.78,0.24,0.29,-1.64,-0.3
2019-04-28,0.69,1.02,-0.31,-1.18,0.61,0.19,0.17,-0.97,0.91
2019-04-27,-0.61,-0.21,0.6,-0.29,1.24,5.3,-0.64,-1.6,0.48
2019-04-26,1.71,0.61,0.03,0.54,-1.77,0.12,1.06,0.32,0.18
2019-04-25,-3.81,-0.62,0.38,0.0,-0.75,-5.7,1.43,-0.95,-0.09
2019-04-24,-1.74,-0.45,-1.14,-0.62,0.5,0.13,-0.49,0.32,-0.4
2019-04-23,3.08,0.8,-0.46,1.21,-0.99,-0.56,0.22,-3.09,0.22
2019-04-22,1.97,0.66,0.38,0.6,0.38,-0.24,1.31,-0.31,0.4
2019-04-21,-0.88,-0.35,-0.42,0.84,0.33,-0.12,-0.04,0.31,-0.1
2019-04-20,0.94,-0.83,0.51,-0.28,0.48,0.23,0.76,-0.92,0.11
2019-04-19,-0.45,-0.89,1.18,2.18,-0.56,1.56,1.38,0.93,0.87
2019-04-18,1.08,-0.02,-0.43,0.68,0.87,-0.83,0.79,0.0,-0.71
2019-04-17,0.53,-0.54,0.85,-0.46,0.38,0.24,0.69,-1.22,0.35
2019-04-16,2.95,-0.56,-0.17,1.19,0.28,0.42,0.69,0.31,0.88
2019-04-15,-2.0,0.48,-0.33,-0.24,1.37,0.75,-3.03,-0.3,0.85
2019-04-14,1.64,0.03,-0.39,0.21,-0.14,0.01,-0.24,0.61,0.86
2019-04-13,-0.05,0.63,0.8,-1.67,0.83,-0.13,-0.64,0.93,-0.49
2019-12-04,0.63,0.1,0.24,0.44,-1.52,-1.27,1.23,-0.31,0.31
2019-11-04,-5.37,1.2,-0.16,-0.31,-0.55,0.14,-0.19,1.57,0.08
2019-10-04,2.89,-0.84,0.26,0.47,0.13,-1.58,-3.22,-2.15,0.62
2019-09-04,-1.65,-0.21,0.68,-0.58,0.06,-0.09,0.23,-0.31,-0.86
2019-08-04,1.38,0.97,-1.47,-0.24,-1.11,-0.08,0.76,0.0,0.22
2019-07-04,2.53,0.49,0.37,-1.85,-1.18,0.2,-0.68,0.31,-1.37
2019-06-04,0.72,0.93,0.35,-0.56,-0.18,0.05,1.92,-0.91,0.19
2019-05-04,2.2,1.21,0.22,0.26,0.31,-0.45,-1.6,-1.2,-0.63
2019-04-04,-1.33,0.29,0.85,-0.11,0.4,0.25,-1.95,-0.3,0.17
2019-03-04,2.25,1.15,0.17,-0.23,0.53,-0.6,2.1,0.3,-0.4
2019-02-04,17.23,-1.23,1.01,-0.75,-0.44,-0.44,-1.32,1.22,-0.21
2019-01-04,1.04,0.7,-0.69,0.16,-0.21,0.16,0.45,-0.6,-0.1
2019-03-31,-0.23,3.2,0.89,-0.57,0.47,-0.1,1.14,-1.19,0.25
2019-03-30,0.23,-0.61,-0.93,-0.01,1.16,-0.19,0.93,0.3,-0.4
2019-03-29,1.9,0.26,0.84,0.22,0.39,-0.39,-3.65,0.91,0.17
2019-03-28,-0.4,0.2,-0.01,-0.02,-0.44,0.45,1.44,-0.3,0.11
2019-03-27,2.51,-0.48,-2.1,-0.11,0.18,0.01,1.02,0.61,0.31
2019-03-26,0.15,0.61,1.12,0.38,-0.03,-0.46,1.0,0.0,-0.07
2019-03-25,-1.44,1.45,-1.05,1.68,-0.16,0.49,0.03,0.92,0.86
2019-03-24,-0.2,-0.24,0.13,0.2,0.18,-0.35,-4.15,1.55,0.07
2019-03-23,0.3,0.34,-0.9,1.11,0.66,0.03,0.97,-0.62,0.45
2019-03-22,0.21,0.02,-1.09,0.25,0.47,-0.97,-0.07,0.62,1.08
2019-03-21,-1.46,-0.54,-0.63,-1.69,-0.28,-0.11,-5.03,0.0,-0.69
2019-03-20,0.6,-0.35,1.37,1.34,0.86,-0.46,0.35,0.0,1.27
2019-03-19,0.67,-0.92,0.11,-0.63,-0.33,0.16,0.07,-1.23,-1.16
2019-03-18,0.22,0.52,-0.13,0.18,-0.13,-0.88,1.18,-0.61,-0.24
2019-03-17,-0.62,0.82,0.95,0.78,0.15,-0.29,-1.61,1.86,-0.2
2019-03-16,2.09,-0.41,-0.36,0.42,1.42,0.31,-0.01,0.31,0.32
2019-03-15,1.17,0.98,-0.03,0.33,0.06,-0.21,0.27,-1.23,-0.31
2019-03-14,0.36,-0.24,0.12,1.27,0.26,7.1,-0.28,0.93,0.74
2019-03-13,-0.54,-0.63,-0.37,-0.55,0.55,-6.27,0.95,0.62,-0.26
2019-12-03,0.41,-0.33,0.46,0.37,-0.12,0.94,0.95,-1.23,-0.09
2019-11-03,-1.15,-0.06,1.38,0.32,-0.49,-1.04,3.16,-1.82,0.41
2019-10-03,-0.74,-0.2,-1.0,-0.5,0.54,0.28,3.6,-0.9,-0.68
2019-09-03,2.03,-1.17,0.38,-0.15,0.51,-0.41,-0.73,-0.89,0.09
2019-08-03,-0.24,1.49,-1.56,0.19,-0.36,-0.33,4.64,0.3,0.17
2019-07-03,0.32,-0.65,-0.93,0.31,1.53,-0.71,-1.03,1.82,0.94
2019-06-03,0.15,-0.24,-0.18,1.96,0.13,-0.15,1.77,0.3,0.97
2019-05-03,3.8,0.26,-0.57,-0.34,-0.45,0.02,-1.18,0.0,-0.03
2019-04-03,-2.45,0.52,-1.27,1.09,-0.31,-0.31,1.21,-0.61,0.35
2019-03-03,-0.36,-0.2,0.41,1.96,1.4,-0.28,-2.74,-0.3,1.28
2019-02-03,0.03,0.45,-0.03,-2.16,0.61,-0.14,0.38,0.0,-0.23
2019-01-03,0.14,1.3,-0.51,-1.24,-1.34,0.13,0.42,1.22,-0.72
2019-02-28,0.05,-0.71,0.82,0.78,2.65,-2.23,0.39,-1.8,0.25
2019-02-27,0.11,0.89,-0.04,-0.54,0.72,0.51,0.55,0.6,-0.82
2019-02-26,-0.61,-0.56,-0.04,0.73,-4.51,0.12,-0.32,-0.9,0.11
2019-02-25,2.09,-0.58,0.01,0.42,0.99,-0.27,1.88,-2.91,1.04
2019-02-24,-8.86,-0.04,-0.12,1.79,-0.47,0.08,-1.21,-0.86,0.18
2019-02-23,3.91,1.04,-0.0,-0.81,-0.9,0.0,1.19,-0.29,-1.34
2019-02-22,0.73,-1.12,0.33,-0.54,-0.58,0.06,-1.61,0.29,0.01
2019-02-21,-0.9,1.69,-0.18,0.55,0.12,-0.04,-1.83,0.58,-0.85
2019-02-20,1.48,1.62,0.38,1.51,-0.87,0.36,-1.72,-0.86,-0.57
2019-02-19,0.47,-1.07,0.61,-0.29,0.66,-0.04,2.22,0.58,0.08
2019-02-18,6.33,1.14,-0.69,-0.09,1.65,-0.35,-0.48,-0.29,1.07
2019-02-17,1.31,0.19,0.5,0.06,0.47,-0.12,-0.46,-0.86,0.81
2019-02-16,0.34,-1.15,-0.01,-0.8,0.54,0.22,-0.77,0.29,-0.29
2019-02-15,0.34,-0.46,0.5,1.01,-0.77,7.41,-4.0,0.29,0.83
2019-02-14,-0.52,0.84,0.36,-0.23,1.79,-0.05,-1.57,0.87,-0.55
2019-02-13,-0.56,-0.21,0.58,0.77,-0.66,-7.48,-0.4,-0.58,1.67
2019-12-02,0.01,-0.61,-0.71,0.11,-2.5,-0.07,-0.15,1.17,0.33
2019-11-02,-1.28,-0.34,-0.06,-1.29,-1.56,1.08,1.35,0.0,-2.19
2019-10-02,0.48,0.32,0.54,0.1,-1.44,-0.21,-0.29,-0.87,0.69
2019-09-02,-0.01,-0.83,0.22,-0.5,1.07,0.07,0.0,0.58,1.16
2019-08-02,7.77,0.55,-0.12,1.31,1.19,-0.01,0.25,-1.15,1.26
2019-07-02,-0.2,-0.25,0.37,-0.8,0.72,0.09,0.49,-1.42,-2.23
2019-06-02,-1.85,0.9,1.07,3.27,-1.07,-0.15,0.37,0.57,1.38
2019-05-02,0.16,0.65,-0.2,1.92,0.21,0.17,-0.92,0.86,-0.29
2019-04-02,0.11,-1.64,0.12,-1.89,-1.01,-1.98,0.31,2.05,-1.73
2019-03-02,-1.24,-0.94,0.71,3.44,1.97,-0.18,3.01,0.59,2.72
2019-02-02,1.0,-1.62,-0.55,-1.58,1.19,-0.12,-2.36,1.5,-2.1
2019-01-02,0.9,0.72,0.7,-2.6,1.47,0.64,1.45,0.3,-2.52
2019-01-31,-0.66,0.0,0.2,0.07,-0.43,-0.06,1.89,-4.31,-0.18
2019-01-30,1.32,-0.52,-0.64,0.63,-0.65,-0.03,0.74,-2.25,0.15
2019-01-29,-0.81,0.71,2.68,-0.42,-2.32,-0.04,1.01,-1.93,-1.42
2019-01-28,-3.17,0.3,-0.2,-0.13,1.13,0.16,-1.93,-2.94,0.17
2019-01-27,-0.43,-0.65,-0.43,-0.34,0.16,0.51,0.69,0.81,-0.08
2019-01-26,-0.03,-0.26,0.91,-1.03,-4.73,-0.08,-0.13,0.27,-0.57
2019-01-25,-0.06,0.93,0.43,-0.75,-2.55,-0.89,0.21,0.0,-0.64
2019-01-24,0.36,-0.72,1.17,-0.74,-0.9,-0.32,0.52,0.82,-0.13
2019-01-23,-0.52,0.76,-0.59,1.97,1.68,0.39,-1.37,-1.08,1.74
2019-01-22,1.23,-0.32,-1.5,1.08,-0.83,-0.34,0.38,-1.59,0.45
2019-01-21,-0.16,0.52,-1.55,0.05,-1.43,-0.71,0.13,0.53,-0.05
2019-01-20,-3.68,0.15,-0.32,2.62,-0.01,0.64,-0.26,-0.53,0.26
2019-01-19,2.0,0.36,0.51,1.46,-0.16,-0.99,2.93,0.27,1.1
2019-01-18,-0.57,1.12,-1.24,1.24,-1.13,-0.73,0.45,1.08,0.51
2019-01-17,1.07,0.53,0.68,-1.42,-0.76,-0.32,-1.74,0.54,-1.33
2019-01-16,0.47,-0.81,0.68,-1.15,1.29,0.29,0.48,0.54,-1.11
2019-01-15,-1.84,0.88,-0.19,0.04,0.03,-0.09,0.37,0.82,-1.27
2019-01-14,4.24,-2.44,-0.94,1.47,0.19,0.19,2.0,0.0,1.18
2019-01-13,-2.98,0.36,0.26,2.92,-0.44,0.45,3.3,0.83,1.6
2019-12-01,-0.53,0.11,0.21,-1.16,-0.35,-1.27,2.19,0.0,0.1
2019-11-01,0.35,-0.39,1.06,0.41,1.0,1.0,-2.33,0.56,-0.55
2019-10-01,-9.41,-0.07,0.58,-0.28,0.26,0.41,0.27,-0.28,-0.58
2019-09-01,0.17,0.28,0.08,-1.69,-0.24,0.26,-0.22,0.56,0.04
2019-08-01,-0.37,0.11,0.92,0.78,-0.33,0.55,0.79,0.56,1.21
2019-07-01,-0.45,0.56,-2.19,1.61,-0.26,-0.81,-2.97,0.79,1.34
2019-06-01,5.78,-0.97,-1.16,1.21,0.57,0.22,0.87,0.25,0.26
2019-05-01,-0.46,-0.04,-0.55,1.91,0.89,-0.64,-1.33,0.43,1.39
2019-04-01,0.6,0.0,-0.15,1.2,3.26,1.39,-0.46,0.34,1.49
2019-03-01,-2.42,0.07,0.63,-2.67,-0.08,-0.2,-0.5,1.42,-3.75
2019-02-01,1.69,0.17,0.28,-0.58,-0.56,-1.31,2.46,0.29,-0.5
2019-01-01,2.69,0.51,0.05,0.32,0.08,-0.9,-1.33,0.58,1.74
2018-12-31,-2.77,0.28,-0.14,-3.57,-0.2,0.41,2.79,-1.64,-4.1
2018-12-30,2.92,1.18,0.8,-1.27,0.16,1.59,2.16,0.49,-2.12
2018-12-29,-4.01,-0.85,-0.55,0.57,0.16,0.39,-0.45,-0.23,-0.06
2018-12-28,7.66,1.13,1.1,-1.15,-0.11,0.73,1.88,-0.34,0.05
2018-12-27,-5.45,-0.46,0.59,0.26,0.1,-0.39,0.38,0.61,-1.09
2018-12-26,0.83,1.04,0.87,0.34,-0.15,0.38,0.41,0.0,-0.67
2018-12-25,-6.55,0.5,-0.81,0.22,1.55,-0.38,-1.06,1.17,1.18
2018-12-24,2.07,1.21,1.27,0.01,-0.62,-0.56,-1.1,0.0,0.06
2018-12-23,-0.5,0.45,-1.52,1.2,-0.28,-0.12,3.19,-1.04,-0.06
2018-12-22,2.95,2.21,-2.24,-0.52,-0.47,0.46,-1.68,-0.57,0.22
2018-12-21,-5.52,0.91,1.76,0.7,-0.32,-0.22,-2.32,0.67,0.81
2018-12-20,10.55,2.49,-2.41,0.3,0.56,0.3,0.05,-1.51,0.44
2018-12-19,0.52,0.17,-1.26,-0.78,1.39,-0.29,2.16,1.27,-0.16
2018-12-18,4.02,-1.31,-1.51,0.05,1.45,-0.56,0.43,0.67,0.94
2018-12-17,8.57,-1.57,-0.88,-1.24,-1.97,1.08,-1.05,-0.78,-0.35
2018-12-16,0.6,-0.34,0.07,1.21,-0.37,-0.26,-2.17,-1.08,0.67
2018-12-15,-0.59,0.63,-1.0,-0.95,-0.49,1.29,-1.41,1.1,0.7
2018-12-14,-2.04,1.86,-0.12,1.32,0.41,-0.93,0.57,0.43,-0.11
2018-12-13,-4.35,-2.94,0.48,0.26,0.57,-0.03,1.24,-0.35,0.13
2018-12-12,1.72,-3.1,-0.36,0.95,0.49,-0.94,1.77,-0.94,0.17
2018-11-12,-1.53,-3.93,-0.79,0.66,-0.04,0.29,-0.36,0.0,0.7
2018-10-12,-3.0,0.86,0.19,1.33,-0.24,-0.17,-0.77,-0.23,0.4
2018-09-12,4.0,-0.09,0.44,1.2,0.12,0.06,1.07,-0.71,0.64
2018-08-12,0.24,0.38,0.78,-0.12,0.48,0.15,0.06,0.0,0.83
2018-07-12,-2.46,0.26,0.23,0.21,0.7,5.98,0.55,-2.54,-0.52
2018-06-12,-6.97,1.42,-0.25,0.43,-0.6,-0.2,1.22,0.47,0.18
2018-05-12,-4.72,0.64,0.28,0.28,0.2,-7.04,2.38,1.38,0.08
2018-04-12,1.56,-0.52,-0.02,0.05,1.47,0.09,-0.17,0.14,-0.11
2018-03-12,-6.31,-1.06,0.48,0.92,-1.57,-0.1,0.15,1.31,-0.05
2018-02-12,-0.85,-1.29,-0.4,0.47,-0.0,1.97,-3.19,-2.96,0.2
2018-01-12,3.87,-0.39,-0.36,-1.39,-1.32,0.27,-1.04,-0.52,-0.08
2018-11-30,-5.98,-0.17,0.18,-1.12,-0.82,0.77,-2.52,-0.52,-0.32
2018-11-29,0.73,-0.04,0.24,-0.7,-0.2,-0.33,-1.18,0.19,0.54
2018-11-28,10.32,0.13,1.09,0.05,-0.1,0.29,-1.99,0.83,0.9
2018-11-27,0.77,0.88,1.68,-0.95,1.73,-1.03,-0.53,0.5,-0.41
2018-11-26,-5.54,1.76,0.56,-1.34,0.04,-0.52,1.65,0.0,-0.05
2018-11-25,3.62,1.28,-0.39,0.06,0.53,-0.12,0.36,0.84,0.15
2018-11-24,-10.86,0.43,-0.58,0.56,1.86,-0.73,-1.62,0.25,0.32
2018-11-23,0.96,-1.57,-0.73,1.27,-0.0,0.4,-0.88,0.0,0.55
2018-11-22,-6.09,0.37,-0.09,-0.68,-0.2,0.22,0.96,0.0,0.29
2018-11-21,2.52,-1.65,-0.49,-0.24,0.21,-0.35,-0.15,-0.28,-0.01
2018-11-20,-7.36,0.08,0.51,-0.53,1.24,-0.85,1.77,0.0,-0.37
2018-11-19,-13.69,1.07,-0.83,-0.42,0.15,-0.64,1.54,-0.28,-0.11
2018-11-18,0.65,1.75,-0.75,0.13,-0.45,0.47,0.19,0.84,-0.2
2018-11-17,-0.26,1.16,1.37,0.76,0.5,1.54,-0.91,0.23,0.82
2018-11-16,-1.45,-0.08,0.12,0.28,-0.19,0.32,-0.03,0.28,-0.04
2018-11-15,-2.11,-1.36,-0.71,1.44,1.3,0.26,0.38,0.57,0.98
2018-11-14,-9.13,-0.17,-0.52,-0.03,0.04,0.49,-1.54,0.0,-0.04
2018-11-13,-0.09,2.08,0.51,0.1,0.4,-0.84,0.7,-0.2,0.21
2018-12-11,-0.17,-1.92,-0.26,-0.09,0.13,0.2,-0.03,0.0,-0.08
2018-11-11,0.3,0.57,0.51,0.46,0.38,6.43,0.78,0.63,0.65
2018-10-11,0.24,-0.56,0.32,1.24,0.1,0.33,0.36,0.0,0.13
2018-09-11,-0.96,1.38,-0.25,-0.03,0.38,-6.19,0.97,0.0,-0.26
2018-08-11,-1.39,-0.63,-0.16,0.05,0.96,1.01,1.99,0.0,0.82
2018-07-11,0.96,0.61,1.38,-0.05,0.35,0.22,0.47,0.46,-0.55
2018-06-11,0.67,-1.05,-1.19,0.74,0.28,0.5,-0.92,0.2,-0.23
2018-05-11,-0.29,-0.73,-0.56,2.5,0.64,-0.43,0.62,0.0,0.1
2018-04-11,1.44,-1.67,0.18,-0.22,0.3,-0.06,2.09,0.96,-0.09
2018-03-11,-0.6,0.08,0.55,1.36,0.01,0.07,0.22,0.29,-0.38
2018-02-11,0.38,-1.52,-0.48,1.0,0.06,0.24,-0.3,0.0,0.14
2018-01-11,0.54,-0.34,0.26,0.07,1.05,0.28,0.97,-0.2,-0.02
2018-10-31,0.64,-0.13,0.26,-0.59,0.02,6.98,0.34,0.0,0.13
2018-10-30,-0.15,2.15,-0.47,-1.05,0.2,-5.98,-0.55,-0.29,0.31
2018-10-29,-2.33,-0.13,0.5,1.05,-0.03,0.91,2.36,0.0,0.02
2018-10-28,-0.12,1.21,0.39,-0.33,0.47,0.52,0.21,0.0,0.16
2018-10-27,-0.24,0.08,-0.49,0.35,-0.31,0.28,0.19,0.0,0.09
2018-10-26,0.05,-2.09,0.54,0.08,-0.33,7.09,0.46,-0.38,-0.32
2018-10-25,-0.36,0.97,-0.3,0.07,-0.15,-6.02,1.1,0.35,0.81
2018-10-24,0.03,0.32,-0.51,-0.21,0.65,0.63,0.52,0.0,0.13
2018-10-23,-0.41,0.02,-0.54,-1.38,-0.25,0.07,-0.24,-0.63,-0.47
2018-10-22,-0.41,0.29,-0.52,-0.05,0.18,0.42,0.46,0.0,0.16
2018-10-21,0.16,1.14,-1.16,0.78,0.05,-0.06,0.78,0.49,-0.4
2018-10-20,0.92,1.69,-0.1,-0.03,0.86,0.61,-0.95,0.0,0.51
2018-10-19,-0.94,-0.02,-0.64,-2.23,1.09,0.01,-1.47,0.0,0.03
2018-10-18,-1.68,0.65,-0.21,-0.15,0.52,0.64,1.1,-0.74,0.07
2018-10-17,-0.28,-0.96,0.03,0.81,-0.29,0.51,1.18,-0.26,0.07
2018-10-16,0.08,0.37,-0.23,-0.31,0.45,-0.37,1.3,0.26,0.18
2018-10-15,5.9,-0.65,0.64,-0.76,1.18,-0.1,-2.88,0.26,0.09
2018-10-14,0.08,-0.14,0.32,-0.95,0.57,-0.37,0.26,0.17,-0.17
2018-10-13,0.48,0.55,0.27,1.44,0.83,-0.98,-1.53,-0.29,0.18
2018-12-10,0.84,-1.2,0.41,0.08,-0.63,0.08,1.67,-0.26,0.23
2018-11-10,-5.72,0.7,1.27,0.81,0.2,-0.95,0.17,0.0,-0.18
2018-10-10,-0.49,-0.85,-0.53,-4.83,-0.14,-0.35,-1.19,0.98,-0.11
2018-09-10,-0.28,0.47,0.05,0.1,-0.63,0.41,-0.21,2.1,0.56
2018-08-10,0.89,0.27,0.1,-0.23,-0.48,-0.67,-1.42,-0.53,0.12
2018-07-10,0.22,-0.14,0.08,-0.05,-0.46,-0.91,0.98,0.24,0.22
2018-06-10,-0.65,-0.56,-0.49,0.28,0.23,0.02,0.62,0.38,0.39
2018-05-10,0.83,-0.23,0.33,-0.08,0.72,0.52,2.09,0.18,0.37
2018-04-10,1.17,0.51,0.04,0.65,0.74,6.19,1.32,0.36,0.12
2018-03-10,-0.64,1.46,0.05,1.0,-0.45,-6.16,-0.81,0.51,0.41
2018-02-10,-0.88,0.94,-0.03,-0.97,-0.18,0.85,2.56,-0.21,0.01
2018-01-10,-0.41,-0.18,-0.05,0.92,0.17,0.53,-0.34,0.33,-0.22
2018-09-30,0.47,-0.67,0.24,0.42,0.51,-1.48,-0.66,1.03,0.06
2018-09-29,-0.48,3.03,-0.32,-0.83,-0.42,1.37,-1.87,-1.75,-0.3
2018-09-28,-0.79,0.14,0.2,0.55,0.26,0.05,0.04,-0.38,0.06
2018-09-27,3.42,0.47,-0.28,1.64,-0.05,-0.4,-0.75,-0.24,0.11
2018-09-26,0.36,-1.87,0.52,0.45,-0.6,0.28,0.63,0.0,0.15
2018-09-25,-2.11,-1.05,-0.3,0.07,0.2,0.44,-0.68,0.53,0.18
2018-09-24,-1.79,1.39,0.08,-0.05,-1.18,-0.9,-0.26,-0.59,-0.11
2018-09-23,-0.38,-0.04,0.22,-0.39,-0.14,0.33,3.07,-0.85,0.08
2018-09-22,-0.55,-0.9,0.88,1.16,-0.12,0.62,2.02,0.0,0.34
2018-09-21,4.28,3.0,0.24,-0.24,1.11,-0.43,0.44,1.09,1.08
2018-09-20,1.55,-0.27,0.53,0.85,-0.1,0.95,-0.15,0.53,-0.15
2018-09-19,0.76,1.33,-0.04,-0.63,-0.88,-0.63,0.42,0.0,-0.02
2018-09-18,1.44,1.93,-0.1,-0.26,-0.05,0.06,0.46,0.0,0.31
2018-09-17,-3.82,0.45,0.05,-1.31,-1.29,0.51,2.39,0.0,-0.76
2018-09-16,-0.29,-1.9,0.4,-0.01,-0.3,-0.53,0.88,-0.62,0.2
2018-09-15,0.54,1.72,-0.16,0.4,-0.07,0.43,-0.55,0.44,0.57
2018-09-14,0.01,-1.03,0.13,-0.17,0.58,0.19,1.1,-0.47,0.46
2018-09-13,2.29,-0.88,0.32,-0.56,-0.38,-0.66,0.84,0.21,0.08
2018-12-09,0.7,2.48,-0.31,-0.16,-0.25,0.1,0.35,1.87,0.05
2018-11-09,-0.43,1.78,0.09,1.08,0.47,-0.2,-1.44,0.0,0.17
2018-10-09,1.32,2.7,0.3,-0.99,0.3,0.05,0.31,-0.54,-0.21
2018-09-09,0.88,-2.95,0.5,-0.98,-0.14,-0.71,0.02,0.72,-0.35
2018-08-09,-3.23,-0.94,1.38,1.53,-0.03,0.49,0.82,1.25,0.99
2018-07-09,-1.89,0.8,0.0,0.51,-0.6,-0.23,1.68,-0.27,0.12
2018-06-09,-2.87,-0.99,0.4,-1.8,0.15,-1.25,-1.36,0.49,-0.18
2018-05-09,-9.09,-1.48,0.38,-1.09,0.48,-0.05,0.75,0.25,-1.54
2018-04-09,1.56,1.39,-0.27,0.16,-0.1,0.59,2.7,0.0,0.14
2018-03-09,-0.41,3.8,-0.4,0.26,0.03,0.57,0.59,0.25,-0.05
2018-02-09,1.45,5.75,0.65,1.72,-0.65,-0.36,-2.95,1.12,1.0
2018-01-09,2.21,1.38,0.52,-0.55,-0.22,0.66,1.62,-0.74,0.13
2018-08-31,0.57,1.08,0.46,-0.43,0.62,0.77,-0.87,-0.31,-1.45
2018-08-30,-0.5,0.34,-0.96,1.33,0.1,0.13,-0.32,0.0,-0.04
2018-08-29,-0.64,-2.47,-0.51,0.32,-0.32,-0.2,-2.11,0.59,-0.24
2018-08-28,2.57,0.66,-0.18,-0.13,-0.28,0.16,0.21,-0.52,0.16
2018-08-27,2.75,-2.41,0.18,0.03,0.09,-0.1,-1.11,0.31,0.19
2018-08-26,-0.33,2.9,-0.49,0.56,0.01,-0.55,0.5,0.9,-0.22
2018-08-25,0.81,1.65,0.94,-0.15,-0.48,-0.27,-0.65,0.38,0.05
2018-08-24,2.44,-1.78,-0.65,0.55,0.57,0.04,3.08,0.47,0.24
2018-08-23,2.54,-2.07,-0.46,0.0,0.76,-0.98,0.22,0.89,-0.07
2018-08-22,-1.89,-2.89,-0.65,0.05,-0.32,-0.68,0.28,-0.22,-0.13
2018-08-21,3.41,1.4,0.65,-0.16,-0.44,1.03,1.88,0.99,-0.1
2018-08-20,-3.29,-2.59,0.33,2.35,0.25,0.2,-0.86,0.0,0.03
2018-08-19,1.61,-1.34,1.3,0.14,-0.12,-1.56,0.04,-0.41,0.29
2018-08-18,-3.08,-1.9,-0.79,-0.14,0.06,0.41,0.0,-1.01,-0.11
2018-08-17,4.36,-0.77,-1.01,1.0,0.05,0.17,1.2,0.22,-0.04
2018-08-16,0.8,-3.76,-1.34,0.29,-0.92,-1.06,2.22,-0.35,-0.02
2018-08-15,1.08,-2.2,0.28,0.15,0.45,-0.29,0.33,0.6,0.54
2018-08-14,-1.04,-0.76,-0.05,0.29,-0.47,0.18,1.24,0.77,0.06
2018-08-13,-0.91,-3.01,1.18,0.61,0.36,-0.36,-3.28,0.97,-0.01
2018-12-08,1.31,-0.35,0.2,-0.67,0.18,-0.16,-0.14,0.45,0.47
2018-11-08,1.29,-2.14,-0.52,0.29,-0.07,-1.07,1.03,-0.74,0.19
2018-10-08,-5.91,1.07,0.81,0.18,0.11,0.09,2.64,-0.48,0.73
2018-09-08,4.06,-0.15,-0.53,-0.2,-0.14,0.86,0.19,0.48,-0.08
2018-08-08,-6.56,-0.42,-0.73,-0.4,-0.45,-0.38,0.06,0.26,0.09
2018-07-08,-3.15,2.0,0.06,0.52,0.81,5.46,0.13,0.0,0.64
2018-06-08,-1.19,1.04,0.51,-0.59,0.51,-0.23,2.76,2.27,-0.94
2018-05-08,0.18,2.7,0.59,0.04,0.11,-4.0,-1.03,0.0,0.15
2018-04-08,-5.46,-1.23,0.04,0.22,0.56,0.62,-0.28,0.76,0.23
2018-03-08,-1.55,-0.93,-1.37,-0.07,-0.26,0.55,-2.72,0.47,0.15
2018-02-08,-0.93,0.3,-0.02,-0.13,-0.08,-0.35,0.93,0.0,-0.86
2018-01-08,-1.59,-1.4,0.62,1.34,-0.05,0.22,-2.02,-0.33,0.88
2018-07-31,-5.48,-3.9,-1.07,0.54,-0.04,1.3,1.62,-0.59,-0.81
2018-07-30,-0.47,-2.8,-0.27,0.63,-0.48,0.43,0.57,0.36,0.03
2018-07-29,-0.22,-3.62,-0.05,0.47,0.52,-0.21,-2.35,0.4,0.16
2018-07-28,0.57,11.93,0.36,-0.33,-0.38,0.23,3.02,1.01,-0.05
2018-07-27,3.15,-2.17,1.46,-0.73,0.02,-0.4,0.66,0.37,-0.06
2018-07-26,-2.9,-2.4,-0.39,-1.22,-0.95,0.39,-1.62,-0.24,-0.67
2018-07-25,-2.78,2.8,0.41,-0.03,0.24,-0.08,-0.08,-0.4,0.83
2018-07-24,8.86,-0.82,0.05,0.3,-0.27,0.67,-2.52,0.0,0.03
2018-07-23,4.19,-2.12,-0.47,-0.14,1.6,0.24,0.47,-0.27,-0.22
2018-07-22,0.05,2.47,-0.03,-0.62,1.07,-0.78,-1.96,-0.5,-0.1
2018-07-21,0.95,0.23,-0.35,1.55,-0.14,-0.24,0.79,-0.26,0.45
2018-07-20,-1.85,0.17,1.45,-0.2,-0.02,0.27,-0.45,-0.36,-0.1
2018-07-19,1.27,-2.74,-0.85,0.47,-0.02,0.8,-0.38,0.0,-0.08
2018-07-18,0.84,0.72,-1.82,0.88,-0.0,1.25,1.12,0.0,0.03
2018-07-17,8.8,-0.6,-0.07,1.96,-0.64,-0.12,-1.13,0.0,0.16
2018-07-16,5.77,0.0,-0.66,0.57,0.36,0.02,0.87,0.0,-0.28
2018-07-15,1.73,0.3,0.51,0.55,0.66,-0.74,-2.01,-0.59,-0.12
2018-07-14,0.4,2.92,-0.34,-0.55,-0.33,-0.29,0.93,0.46,0.37
2018-07-13,-0.33,0.0,0.04,0.33,0.02,-0.06,1.37,0.4,0.76
2018-12-07,-2.17,1.0,-0.18,0.34,0.43,0.42,0.59,-0.72,-0.05
2018-11-07,1.3,1.41,-0.53,-0.24,0.19,-0.14,1.8,-0.65,-0.12
2018-10-07,-5.4,-2.46,1.01,-0.89,-1.32,0.67,3.34,0.0,0.03
2018-09-07,-0.71,-0.02,0.52,0.77,-0.53,0.85,1.25,-0.65,0.44
2018-08-07,-0.75,0.02,-0.61,-0.38,0.25,-0.06,-2.18,0.0,0.25
2018-07-07,2.23,-0.27,-0.3,0.03,-0.07,-0.17,-0.7,-0.39,0.18
2018-06-07,1.09,0.45,0.39,0.7,-0.39,-0.04,1.55,0.35,0.52
2018-05-07,-0.79,0.45,-1.17,1.05,0.31,0.67,0.83,-0.23,0.68
2018-04-07,1.3,-1.15,0.62,0.01,0.29,0.26,-1.12,0.0,0.37
2018-03-07,-1.6,0.76,0.42,-0.95,-0.26,0.02,1.0,0.0,-1.82
2018-02-07,3.97,-0.15,-0.15,-0.59,0.84,0.62,1.3,1.47,-0.07
2018-01-07,-0.5,1.51,-0.71,0.33,1.46,0.51,1.0,0.46,0.48
2018-06-30,2.99,-0.91,-0.34,0.52,0.7,0.8,1.44,-0.62,-0.15
2018-06-29,5.61,1.34,0.7,0.67,0.56,-0.21,0.38,0.0,-0.22
2018-06-28,-4.41,0.48,0.35,0.0,0.03,0.27,-2.83,-0.39,0.11
2018-06-27,1.2,0.26,-0.19,-0.42,-0.29,0.13,0.86,-0.19,-0.1
2018-06-26,-2.79,0.8,-0.5,-1.3,-0.19,0.28,-4.24,0.98,0.0
2018-06-25,1.66,5.14,-0.0,-0.07,1.1,-1.1,0.13,0.26,0.41
2018-06-24,-0.21,-0.44,-0.15,0.22,1.08,0.22,2.24,-0.65,0.06
2018-06-23,1.84,0.63,-0.06,-0.8,-0.18,5.41,2.47,0.26,-0.13
2018-06-22,-9.99,-0.48,-0.23,-0.12,1.55,-4.91,0.42,0.0,0.12
2018-06-21,-0.55,0.08,0.52,-0.62,1.03,-1.76,1.13,-1.07,0.17
2018-06-20,0.19,1.0,-0.29,0.29,-0.01,-0.28,1.98,0.62,-0.19
2018-06-19,0.49,1.29,0.7,-1.25,0.07,-0.23,0.86,0.2,0.06
2018-06-18,4.02,-0.19,-0.63,-1.4,0.35,0.18,0.63,0.0,-0.05
2018-06-17,-0.7,-1.02,-1.57,0.11,0.63,0.05,0.49,0.86,0.61
2018-06-16,1.49,-1.49,0.0,0.77,-0.52,-0.75,-1.62,-0.2,1.08
2018-06-15,-3.56,0.63,0.12,-0.3,-0.49,0.55,-2.19,-0.59,-0.3
2018-06-14,5.3,0.87,0.39,1.37,-0.68,0.25,-1.21,0.0,0.76
2018-06-13,-3.75,1.66,-0.61,0.1,-1.04,0.14,0.63,0.0,-0.17
2018-12-06,-4.76,4.18,-0.09,0.03,-0.27,-0.27,-0.6,0.26,-0.29
2018-11-06,1.64,3.42,0.19,1.42,-0.01,-0.73,-3.72,-0.29,0.86
2018-10-06,-9.85,1.37,-0.46,-0.83,0.73,0.13,0.82,-0.75,-0.68
2018-09-06,-1.4,4.54,0.85,-0.46,0.36,-1.59,0.55,0.0,-0.38
2018-08-06,-0.98,1.35,1.16,-0.52,-1.4,0.52,0.42,0.23,-0.14
2018-07-06,0.48,-5.43,0.22,0.2,0.27,-0.02,-0.17,-0.74,0.07
2018-06-06,0.39,-0.4,0.52,0.13,-0.91,-0.18,-5.13,0.0,-0.08
2018-05-06,1.69,-0.21,0.0,0.06,0.02,-0.59,1.67,-0.45,0.19
2018-04-06,-2.91,-2.34,-0.1,0.67,0.37,-1.0,-0.55,0.19,-0.31
2018-03-06,1.08,-0.95,-0.43,-0.41,-0.81,-0.32,-1.45,0.26,0.06
2018-02-06,1.54,1.64,-0.12,-0.78,-0.8,1.06,0.08,1.27,-0.16
2018-01-06,0.38,-2.06,0.16,0.09,0.08,0.18,-2.7,-0.62,-0.23
2018-05-31,1.39,-1.69,3.99,1.05,1.14,0.74,-0.62,0.42,0.29
2018-05-30,-0.91,3.14,0.01,-0.68,-0.39,-0.39,0.06,-0.26,0.11
2018-05-29,4.89,1.23,0.56,0.19,-1.05,0.7,0.28,0.0,0.73
2018-05-28,-3.36,-1.6,0.33,-1.2,0.93,5.72,1.84,0.49,-0.1
2018-05-27,0.07,0.05,-1.12,0.17,0.23,-0.12,-4.79,0.53,-0.08
2018-05-26,-1.56,-0.07,-0.58,0.04,-2.13,-5.69,-0.21,0.43,-0.11
2018-05-25,-1.52,-0.68,-0.04,-0.06,-0.34,0.86,1.46,0.4,0.19
2018-05-24,1.07,4.78,-0.3,-1.46,-0.35,0.27,0.79,-0.2,-1.24
2018-05-23,-6.17,-1.75,-0.44,-0.16,0.07,-0.18,1.99,0.26,-0.2
2018-05-22,-4.73,1.04,0.18,-0.39,-0.16,-0.44,0.57,-0.89,-0.13
2018-05-21,-1.47,1.75,0.49,0.48,-0.12,0.61,0.84,0.49,-0.16
2018-05-20,3.44,-4.8,-0.26,0.16,0.15,0.05,-0.39,0.2,0.84
2018-05-19,-0.01,-0.55,0.25,-0.1,1.48,-0.52,2.11,0.0,-0.34
2018-05-18,2.27,0.92,-0.8,-0.25,0.34,1.66,0.02,0.23,0.04
2018-05-17,-3.37,6.21,0.56,-0.17,-0.47,0.49,1.06,0.67,0.33
2018-05-16,-1.56,4.21,0.18,0.49,-0.18,0.18,3.16,-0.43,0.08
2018-05-15,-2.27,-2.38,0.29,-0.28,-0.46,0.21,-1.18,0.53,-0.23
2018-05-14,-0.22,-5.33,0.81,-0.6,-0.49,0.41,0.45,-0.27,-0.29
2018-05-13,2.77,-2.4,-0.2,0.38,0.88,0.19,1.54,1.04,-0.33
2018-12-05,0.61,-1.04,-0.23,-0.22,1.44,-0.84,-4.81,0.17,0.05
2018-11-05,-6.84,-1.39,0.92,-1.29,0.06,0.02,0.34,-0.44,-0.59
2018-10-05,-3.15,-1.58,-0.26,1.5,-0.91,-0.12,-2.42,-0.5,1.37
2018-09-05,1.33,1.27,-0.23,-0.06,-0.45,-1.52,-0.99,-0.23,-0.26
2018-08-05,-2.49,-0.16,-0.32,-0.42,-0.04,-0.64,0.74,0.47,0.1
2018-07-05,-2.33,-1.6,0.25,0.0,-0.01,0.11,-1.31,-0.33,0.15
2018-06-05,-2.0,0.91,0.9,0.29,0.68,-0.93,0.12,0.0,0.04
2018-05-05,1.49,-2.89,0.29,-0.18,0.09,0.18,0.67,0.77,-0.11
2018-04-05,-0.42,2.51,-0.47,-0.2,-0.58,0.13,-0.79,1.02,0.6
2018-03-05,5.48,-2.36,-0.02,0.24,-0.47,-0.22,-1.29,0.24,0.17
2018-02-05,1.85,-1.12,0.19,0.13,1.03,-0.72,-0.34,0.0,-0.09
2018-01-05,-1.84,0.94,0.6,0.66,-1.13,-0.82,-3.76,-0.51,0.5
2018-04-30,-1.8,0.5,0.13,0.11,0.41,0.39,-0.46,-0.44,0.4
2018-04-29,0.67,-1.27,-0.07,1.33,2.49,0.09,-1.0,0.85,0.52
2018-04-28,4.6,-0.76,-0.47,0.97,-0.53,-0.76,0.13,-0.67,0.36
2018-04-27,-3.73,-0.02,0.55,0.32,0.51,0.08,-0.54,-0.24,0.58
2018-04-26,4.67,1.67,-0.16,-0.69,-0.35,6.21,0.6,1.02,0.07
2018-04-25,-8.01,2.24,2.13,-0.54,0.31,-5.64,1.61,-0.68,0.02
2018-04-24,7.73,-0.74,0.31,-0.85,0.02,0.69,1.04,-0.4,-0.21
2018-04-23,1.66,-3.75,0.16,-0.47,-1.22,0.29,1.08,0.0,0.73
2018-04-22,-1.3,-4.48,-0.9,-0.11,0.56,1.51,0.24,-1.65,0.06
2018-04-21,0.63,-0.2,-0.16,0.3,-1.69,-0.26,1.57,-0.49,0.03
2018-04-20,6.95,-0.83,-0.0,3.46,-0.51,0.33,-0.71,-0.59,-0.09
2018-04-19,1.37,-1.27,0.81,-0.26,0.34,0.37,0.5,-1.45,-0.6
2018-04-18,3.41,-2.03,0.11,-0.68,1.81,-0.7,1.7,1.08,-0.09
2018-04-17,-2.0,0.25,-0.07,0.72,1.43,0.31,2.36,-0.29,-0.07
2018-04-16,-3.51,-1.77,-0.38,0.57,-0.55,0.22,1.34,0.52,0.8
2018-04-15,4.49,2.12,0.45,0.94,-1.29,0.23,-0.5,-0.26,0.66
2018-04-14,1.48,1.03,0.11,-0.06,0.34,-0.66,0.57,-1.48,-0.27
2018-04-13,-0.49,2.29,1.05,0.45,0.94,-0.15,-0.71,-0.89,0.34
2018-12-04,13.85,1.49,-0.21,-0.28,0.43,0.01,1.48,0.74,-0.36
2018-11-04,1.56,-2.6,1.23,0.39,-1.48,0.53,-1.82,-0.95,0.18
2018-10-04,1.08,0.53,0.07,-1.06,-1.0,0.14,-1.15,0.74,-0.3
2018-09-04,-3.54,-1.58,-0.08,0.46,0.8,-0.23,0.06,0.45,0.18
2018-08-04,1.81,-0.02,-1.06,-0.47,-1.19,0.19,-0.23,1.17,-0.21
2018-07-04,4.25,0.43,0.6,0.77,0.33,0.9,2.39,0.49,0.28
2018-06-04,-2.33,0.75,-0.16,-0.84,-0.79,0.27,-1.4,0.0,0.0
2018-05-04,-0.4,-3.57,0.87,-1.01,-0.34,0.22,-0.19,0.79,-0.35
2018-04-04,-8.29,-1.03,-0.98,1.21,-0.37,2.06,-1.6,0.9,0.35
2018-03-04,5.03,0.23,-1.23,-0.12,2.51,-0.16,-1.99,-0.53,-0.08
2018-02-04,3.56,-0.88,-0.48,1.56,-0.16,-0.02,-5.38,0.33,0.57
2018-01-04,-1.63,0.24,-0.21,-0.66,-1.32,0.2,-0.11,0.0,0.85
2018-03-31,1.23,0.3,1.36,0.16,-0.01,-0.13,-0.24,-0.23,-0.46
2018-03-30,-3.86,-0.58,0.26,-0.49,0.03,-0.48,1.37,0.43,-0.03
2018-03-29,-10.38,0.45,-0.8,-0.28,-0.16,-0.45,-2.27,1.01,-0.84
2018-03-28,1.96,1.45,0.28,0.54,-0.09,-0.73,-0.33,1.02,0.22
2018-03-27,-4.2,1.41,-0.11,-0.06,-0.26,-0.11,-0.07,-0.54,0.13
2018-03-26,-3.89,0.04,0.27,-0.41,0.53,-0.39,0.11,0.34,-0.19
2018-03-25,-0.87,-0.61,-0.29,-0.76,-0.05,-1.29,-0.84,0.0,-0.25
2018-03-24,-4.14,0.33,-0.9,0.46,0.66,-0.24,1.6,-0.27,0.36
2018-03-23,2.18,0.91,1.15,-0.53,0.1,-0.36,-0.87,1.06,0.2
2018-03-22,-2.02,0.23,-0.64,-0.8,0.02,0.05,0.17,-0.58,-0.18
2018-03-21,-0.08,-1.29,0.05,0.51,0.5,0.5,0.33,0.55,0.39
2018-03-20,3.43,-1.85,-0.08,-1.44,0.84,1.4,0.73,-0.17,-0.81
2018-03-19,5.07,0.08,-0.37,0.68,1.23,-0.45,0.07,0.0,0.65
2018-03-18,4.14,0.68,0.14,0.25,1.45,6.54,0.47,-0.37,-0.11
2018-03-17,-5.0,0.75,-0.03,1.25,0.74,0.07,-0.17,-0.44,0.59
2018-03-16,0.3,0.36,0.08,0.24,0.47,-6.22,0.51,0.0,0.22
2018-03-15,0.66,0.97,0.19,1.64,-0.82,-0.25,-1.73,1.33,1.32
2018-03-14,-10.32,0.72,0.55,2.56,-0.47,0.65,1.62,0.52,0.34
2018-03-13,0.19,1.15,0.57,1.53,1.12,0.71,1.26,0.0,0.58
2018-12-03,-4.12,-1.31,-0.21,0.52,0.01,0.0,0.33,-0.24,0.04
2018-11-03,8.76,-0.18,0.01,-0.84,-0.27,-0.73,-1.58,1.46,-0.35
2018-10-03,-4.94,0.67,0.14,-1.35,-0.13,-0.07,-1.52,-0.66,-0.27
2018-09-03,-0.89,0.61,0.14,0.6,0.26,-0.22,0.54,0.0,0.13
2018-08-03,-6.09,-0.53,-0.04,-1.69,0.94,0.14,-0.63,0.0,-0.53
2018-07-03,-7.23,-0.99,-0.26,0.54,0.31,0.24,2.03,-0.21,0.39
2018-06-03,-5.78,0.53,0.66,-0.37,0.77,0.85,0.34,0.38,0.08
2018-05-03,-0.75,1.01,-0.04,-0.59,0.59,0.12,-1.02,1.16,0.22
2018-04-03,0.12,-0.43,0.29,0.18,0.0,0.86,-1.13,0.0,0.75
2018-03-03,5.31,-1.83,1.18,1.53,1.1,-0.18,1.95,0.42,-0.24
2018-02-03,-0.7,0.1,-0.77,0.23,-0.03,1.21,-0.81,-0.46,0.47
2018-01-03,5.52,2.39,1.18,0.36,1.71,0.37,0.82,0.28,-0.16
2018-02-28,-2.46,-0.47,0.05,-0.39,0.18,-0.09,0.63,-1.29,0.75
2018-02-27,3.01,-0.92,0.37,-2.57,6.72,-0.64,2.04,-0.28,-0.01
2018-02-26,7.3,-0.58,1.39,-0.98,-5.36,-1.0,0.57,0.63,-0.14
2018-02-25,-1.23,-0.08,1.34,0.25,-0.03,-0.37,-2.67,0.0,0.2
2018-02-24,-4.58,1.35,1.57,2.37,1.61,0.75,-0.08,0.0,1.11
2018-02-23,3.34,-1.18,1.25,-0.12,-1.34,0.29,0.13,0.49,0.38
2018-02-22,-6.03,-0.41,-0.52,1.21,-1.76,-0.79,0.15,-0.56,2.22
2018-02-21,-6.81,0.68,-0.68,0.81,0.1,-0.13,-1.21,-0.35,-0.17
2018-02-20,0.62,0.68,0.43,0.63,-0.12,7.86,1.45,-1.51,-0.44
2018-02-19,7.41,0.24,0.72,0.38,0.63,-0.04,2.81,-0.31,-0.65
2018-02-18,-6.09,1.96,-1.04,-0.7,-0.32,-6.08,-2.19,0.0,-0.68
2018-02-17,8.79,0.75,0.26,-0.19,0.15,-0.16,-3.76,0.0,-0.01
2018-02-16,1.41,-0.88,0.28,0.22,0.76,0.26,0.43,0.41,-0.31
2018-02-15,5.92,0.87,-0.4,-1.14,0.29,0.91,0.94,0.0,-0.3
2018-02-14,10.97,-0.18,0.37,-2.52,-0.3,0.07,1.78,0.52,-0.17
2018-02-13,-4.09,-0.72,0.4,0.09,1.39,0.95,-3.15,-0.62,-0.38
2018-12-02,10.17,2.62,-0.69,0.18,0.21,-0.51,0.58,0.41,0.47
2018-11-02,-5.58,1.16,0.51,0.68,0.38,1.2,-0.09,0.21,-0.01
2018-10-02,-1.61,-0.25,-0.77,-1.01,0.26,0.19,-0.54,-0.28,-0.14
2018-09-02,6.56,-0.72,0.33,0.29,0.49,8.14,0.3,0.0,0.22
2018-08-02,7.5,0.76,0.32,-0.26,-0.39,-6.76,1.33,-0.44,0.62
2018-07-02,-1.38,-0.31,-0.54,-1.28,-1.09,-0.54,0.32,-0.48,-0.3
2018-06-02,10.99,-0.33,-0.32,0.6,0.98,1.41,0.13,0.0,0.02
2018-05-02,-15.61,0.91,1.09,0.57,-0.23,0.17,0.88,-0.44,-0.31
2018-04-02,-11.03,0.71,0.47,0.79,0.47,7.7,0.5,0.31,0.11
2018-03-02,3.91,-0.17,1.85,-0.72,0.5,-0.04,0.21,-0.24,-1.24
2018-02-02,-3.14,-1.44,-0.64,-0.91,0.83,-6.72,0.42,-0.54,0.46
2018-01-02,-10.56,1.93,-0.22,-0.48,0.9,0.25,1.96,-0.64,-0.33
2018-01-31,0.98,1.92,-1.42,0.72,-1.46,-0.22,-0.27,2.96,0.05
2018-01-30,-9.59,0.06,-1.05,0.12,1.39,-0.04,-3.66,2.15,0.43
2018-01-29,-4.67,-0.8,-0.78,-0.39,-1.31,-0.73,0.28,-0.32,-0.5
2018-01-28,2.86,-0.04,-0.19,-0.73,0.84,0.41,2.58,0.0,-0.33
2018-01-27,3.14,-0.13,0.14,0.09,-1.25,0.64,1.3,0.49,0.8
2018-01-26,-0.76,1.2,-0.21,-1.07,-0.32,-2.04,2.15,0.71,-0.93
2018-01-25,-2.18,-1.7,-0.21,-0.5,1.91,0.38,-2.28,0.18,0.53
2018-01-24,5.04,1.95,0.53,-0.42,-0.16,-0.54,-1.66,0.0,0.64
2018-01-23,0.35,-0.85,0.03,-0.89,0.7,0.35,0.21,0.18,-0.86
2018-01-22,-6.3,-0.04,0.68,-1.39,-1.26,-0.83,1.21,0.0,-0.57
2018-01-21,-9.83,-0.86,0.29,-0.33,-0.69,-0.34,3.28,-0.6,0.65
2018-01-20,11.04,1.45,1.27,1.51,0.34,1.26,9.31,-0.56,1.09
2018-01-19,2.98,-0.7,-0.54,-0.26,-1.73,-0.54,-3.93,0.0,0.03
2018-01-18,0.47,-1.71,1.69,0.48,0.04,-0.06,2.21,-0.98,-0.0
2018-01-17,-1.49,-0.02,-1.1,-0.07,-0.32,0.71,-4.0,1.27,-0.38
2018-01-16,-17.05,-1.94,-0.42,1.21,-0.41,-0.38,0.04,0.0,1.01
2018-01-15,0.02,-1.37,-0.5,-0.54,0.26,-1.36,-0.15,-0.81,-0.06
2018-01-14,-4.18,0.65,1.17,-0.6,0.66,-0.25,1.14,0.46,-1.48
2018-01-13,2.92,-0.2,-0.7,0.72,-0.01,1.05,3.94,-0.49,1.47
2018-12-01,2.6,0.22,-0.16,-1.75,0.23,5.06,0.59,-0.49,-2.45
2018-11-01,-10.02,-0.02,-0.11,-0.97,0.97,-5.68,-0.33,0.0,-0.22
2018-10-01,1.79,-1.2,1.03,-0.84,-0.07,-1.65,-0.52,0.0,-0.01
2018-09-01,-1.32,0.08,-0.12,-0.24,2.3,0.09,5.75,-0.21,0.3
2018-08-01,-7.71,0.65,0.36,0.04,-1.18,0.03,-0.21,0.42,0.42
2018-07-01,-5.5,-0.08,0.02,0.6,-0.25,-0.58,-2.8,2.36,-0.0
2018-06-01,1.28,-0.3,0.68,-0.18,0.61,-0.5,-1.35,0.36,-0.24
2018-05-01,11.69,0.55,-0.17,0.34,-0.61,-0.05,0.64,-0.57,-0.2
2018-04-01,0.15,-0.32,-1.86,0.87,0.32,0.31,0.2,0.29,0.52
2018-03-01,2.73,0.26,-0.64,-0.18,0.36,0.33,1.86,0.0,-0.16
2018-02-01,9.74,0.59,2.33,0.48,-1.55,-3.31,-1.32,0.43,-0.14
2018-01-01,-2.93,2.23,0.58,-0.4,0.9,-0.68,-1.5,1.91,-0.52
2017-12-31,10.52,-0.87,-0.12,0.11,-1.62,-0.04,-2.85,0.26,0.2
2017-12-30,-12.93,0.5,1.13,0.06,-0.3,-0.31,-0.41,0.0,-0.06
2017-12-29,-0.04,-0.29,-1.3,0.17,1.1,-1.85,-3.78,0.74,-0.14
2017-12-28,-6.6,1.26,0.3,0.16,-0.18,0.14,-2.05,0.6,0.22
2017-12-27,-2.16,3.42,-0.33,1.34,0.69,-0.31,1.1,1.28,0.19
2017-12-26,13.9,-1.43,-1.26,-1.16,2.44,1.48,-1.56,-1.45,-0.55
2017-12-25,0.32,3.69,-1.32,-0.09,-0.0,1.07,-1.11,-0.33,0.28
2017-12-24,-4.21,0.13,-0.98,0.17,1.07,-0.25,-0.65,0.67,-0.08
2017-12-23,5.35,0.33,-0.26,-0.41,-1.88,0.53,0.83,0.0,0.47
2017-12-22,-12.58,4.6,0.7,0.13,-1.47,0.41,-2.27,0.0,-0.29
2017-12-21,-5.04,-2.58,-0.24,-0.38,0.4,-0.53,2.6,0.45,0.04
2017-12-20,-6.06,-0.88,-0.07,-0.96,0.56,1.09,0.7,-0.6,-0.09
2017-12-19,-7.64,-0.02,2.06,-0.35,-1.13,-0.44,-0.81,1.32,0.86
2017-12-18,-0.49,-1.74,-0.19,-0.14,1.72,-0.04,-0.18,0.0,0.02
2017-12-17,-1.45,1.39,-0.25,0.46,-1.43,-0.13,0.52,-2.86,0.31
2017-12-16,9.89,1.38,1.08,-0.31,-0.04,0.5,-1.2,0.0,-0.64
2017-12-15,6.9,-1.47,-0.39,0.93,-1.09,0.52,-1.09,0.0,-0.13
2017-12-14,1.11,3.42,0.76,-0.16,0.77,0.11,3.09,-0.4,0.16
2017-12-13,-4.67,-0.28,-0.69,0.04,-0.25,-0.14,-1.25,0.77,0.16
2017-12-12,2.1,-0.41,0.5,3.42,1.37,0.35,1.22,0.0,-0.12
2017-11-12,11.11,-1.22,1.13,0.09,0.68,-0.14,2.34,-0.59,0.03
2017-10-12,1.46,-0.59,-0.26,0.96,0.95,-0.33,-0.25,3.56,-0.3
2017-09-12,-7.5,-0.16,-0.9,0.62,0.84,0.72,1.18,0.19,0.46
2017-08-12,-4.76,2.49,0.5,-0.55,2.46,-0.08,0.86,0.0,-0.36
2017-07-12,22.55,-0.16,-1.18,-0.48,3.98,-1.2,1.66,0.0,0.43
2017-06-12,17.85,-1.61,-1.0,0.7,-1.11,-0.06,5.33,0.0,-0.14
2017-05-12,0.37,-3.09,0.06,0.13,-0.67,-3.21,-2.74,-0.83,0.24
2017-04-12,3.36,-0.04,-0.13,0.21,-1.85,-0.33,3.26,0.34,-0.09
